[{"name":"theme_info","theme_name":"BT Beloria 1 - Elle","theme_author":"Boostheme","theme_version":"tf-3.5","theme_documentation_url":"https:\/\/beloria-docs.boostheme.com","theme_support_email":"support@boostheme.com"},{"name":"General","settings":[{"type":"paragraph","content":"[View the guide for these settings](https:\/\/beloria-docs.boostheme.com\/theme-settings\/general)"},{"type":"checkbox","id":"wide_content","label":"Display content in the wide layout","default":true,"info":"Not apply for the sections on the homepage"},{"type":"checkbox","id":"disable_copy","label":"Disable copy text","default":true},{"type":"checkbox","id":"lazyload_effect","label":"Enable lazyload fade effect","default":true},{"type":"checkbox","id":"append_side_name_page_title","label":"Append the site name to the meta title","default":true},{"type":"header","content":"Apps"},{"type":"checkbox","id":"enable_growave","label":"Enable Growave App","default":false},{"type":"paragraph","content":"[Growave ‑ Reviews, Loyalty ++by Growave](https:\/\/growave.io\/pricing\/?ref=boostheme\/)"},{"type":"header","content":"RTL settings"},{"type":"checkbox","id":"enable_rtl","label":"Enable right to left style","default":false},{"type":"text","id":"rtl_language_codes","label":"Language codes","default":"ar","info":"Add codes of the languages that you want to display in the RTL layout. Each language code is separated by comma."}]},{"name":"List collection page","settings":[{"type":"paragraph","content":"[View the guide for these settings](https:\/\/beloria-docs.boostheme.com\/theme-settings\/collections-list-page)"},{"type":"text","id":"list_collection_page_title","label":"Page title","default":"Collections"},{"type":"text","id":"list_collection_meta_title","label":"Meta title"},{"type":"textarea","id":"list_collection_meta_description","label":"Meta description"}]},{"name":"Typography","settings":[{"type":"paragraph","content":"[View the guide for these settings](https:\/\/beloria-docs.boostheme.com\/theme-settings\/google-fonts)"},{"type":"font_picker","id":"body_font","label":"Primary","default":"muli_n4"},{"type":"font_picker","id":"heading_font","label":"Secondary","default":"futura_n4"}]},{"name":"Breadcrumbs","settings":[{"type":"paragraph","content":"[View the guide for these settings](https:\/\/beloria-docs.boostheme.com\/theme-settings\/breadcrumbs)"},{"type":"color","id":"breadcrumbs_bkg_color","label":"Background color","default":"#1c1c1c"},{"type":"header","content":"Collection page"},{"type":"text","id":"breadcrumbs_slogan","label":"Slogan","default":"Something different, every day."},{"type":"paragraph","content":"===== Background image ====="},{"type":"checkbox","id":"breadcrumbs_enble_bkg","label":"Enable"},{"type":"image_picker","id":"breadcrumbs_bkg_image","label":"Pick or upload an image"},{"type":"color","id":"breadcrumbs_text_color","label":"Text color","default":"#000"},{"type":"header","content":"Blog page"},{"type":"text","id":"breadcrumbs_slogan_blog","label":"Slogan","default":"Beloria News"}]},{"name":"Header","settings":[{"type":"paragraph","content":"[View the guide for these settings](https:\/\/beloria-docs.boostheme.com\/header)"},{"type":"header","content":"General Settings"},{"type":"select","id":"header_style","label":"Choose header style","options":[{"value":"style1","label":"Header style 1"},{"value":"style2","label":"Header style 2"},{"value":"style3","label":"Header style 3"},{"value":"style4","label":"Header style 4"},{"value":"style5","label":"Header style 5"},{"value":"style6","label":"Header style 6"},{"value":"style7","label":"Header style 7"},{"value":"style8","label":"Header style 8"},{"value":"style9","label":"Header style 9"},{"value":"style10","label":"Header style 10"}],"default":"style1"},{"type":"select","id":"account_app","label":"Choose account app","options":[{"value":"local","label":"Local App"},{"value":"growave","label":"Growave App"}],"default":"local"},{"type":"checkbox","id":"show_logo","label":"Show Logo","default":true},{"type":"image_picker","id":"logo","label":"Logo image"},{"type":"image_picker","id":"logo_mobile","label":"Mobile Logo image"},{"type":"textarea","id":"header_text","label":"Header text"},{"type":"checkbox","id":"use_sticky","label":"Enable the sticky menu","default":true},{"type":"checkbox","id":"header_wide_display","label":"Wide display","default":false},{"type":"header","content":"Header mobile settings"},{"type":"select","id":"header_style_mobile","label":"Choose header style","options":[{"value":"style1","label":"Header style 1"},{"value":"style2","label":"Header style 2"},{"value":"style3","label":"Header style 3"},{"value":"style4","label":"Header style 4"},{"value":"style5","label":"Header style 5"}],"default":"style1"},{"type":"link_list","id":"mobile_nav","label":"Mobile Navigation"},{"type":"text","id":"header_mobile_logo_size","label":"Logo size","default":"master"},{"type":"paragraph","content":"------- Label -------"},{"type":"color","id":"header_mobile_color_label","label":"Text color","default":"#fff"},{"type":"color","id":"header_mobile_bkg_label","label":"Background color","default":"#d9121f"},{"type":"header","content":"Header style 1 settings"},{"type":"checkbox","id":"header_style1_social_enable","label":"Enable social icons","default":true,"info":"Add your social links in Theme Settings > Social Media > Social Accounts"},{"type":"header","content":"Header style 2 settings"},{"type":"checkbox","id":"header_style2_social_enable","label":"Enable social icons","default":true,"info":"Add your social links in Theme Settings > Social Media > Social Accounts"},{"type":"link_list","id":"header_style2_categories","label":"Categories"},{"type":"header","content":"Header style 3 settings"},{"type":"link_list","id":"header_style3_categories","label":"Categories"},{"type":"header","content":"Header style 4 settings"},{"type":"checkbox","id":"header_style4_social_enable","label":"Enable social icons","default":true,"info":"Add your social links in Theme Settings > Social Media > Social Accounts"},{"type":"header","content":"Header style 5 settings"},{"type":"checkbox","id":"header_style5_social_enable","label":"Enable social icons","default":true,"info":"Add your social links in Theme Settings > Social Media > Social Accounts"},{"type":"header","content":"Header style 6 settings"},{"type":"checkbox","id":"header_style6_social_enable","label":"Enable social icons","default":true,"info":"Add your social links in Theme Settings > Social Media > Social Accounts"},{"type":"header","content":"Header style 8 settings"},{"type":"checkbox","id":"header_style8_social_enable","label":"Enable social icons","default":true,"info":"Add your social links in Theme Settings > Social Media > Social Accounts"},{"type":"paragraph","content":"------- Search Area -------"},{"type":"text","id":"header_style8_text1","label":"Text 1","default":"Fully Stamped Products"},{"type":"text","id":"header_style8_text2","label":"Text 2","default":"100% Satisfaction Guarantee"},{"type":"header","content":"Header style 9 settings"},{"type":"checkbox","id":"header_style9_social_enable","label":"Enable social icons","default":true,"info":"Add your social links in Theme Settings > Social Media > Social Accounts"}]},{"name":"Multiple Languages","settings":[{"type":"paragraph","content":"[View the guide for these settings](https:\/\/beloria-docs.boostheme.com\/theme-settings\/multiple-languages)"},{"type":"checkbox","id":"enable_language_picker","label":"Enable Language Picker","default":true}]},{"name":"Colors and Font sizes","settings":[{"type":"paragraph","content":"[View the guide for these settings](https:\/\/beloria-docs.boostheme.com\/theme-settings\/colors-and-font-sizes)"},{"type":"header","content":"Body"},{"type":"color","id":"body_bkg_color","label":"Background color","default":"#fff"},{"type":"color","id":"color_general","label":"Text color","default":"#222","info":"Some texts in some sections will have own color base on section's configuration."},{"type":"range","id":"fs_general","label":"Font size","min":10,"max":100,"step":1,"unit":"px","default":14,"info":"Some texts in some sections will have own color base on section's configuration."},{"type":"header","content":"Rich Text Editor"},{"type":"paragraph","content":"Apply for the static page content, article content, product description, collection description, sizechart and product single custom tabs."},{"type":"range","id":"fs_rte_general","label":"General text","min":10,"max":100,"step":1,"unit":"px","default":16},{"type":"range","id":"fs_rte_h1","label":"H1 tag","min":10,"max":100,"step":1,"unit":"px","default":36},{"type":"range","id":"fs_rte_h2","label":"H2 tag","min":10,"max":100,"step":1,"unit":"px","default":30},{"type":"range","id":"fs_rte_h3","label":"H3 tag","min":10,"max":100,"step":1,"unit":"px","default":24},{"type":"range","id":"fs_rte_h4","label":"H4 tag","min":10,"max":100,"step":1,"unit":"px","default":18},{"type":"range","id":"fs_rte_h5","label":"H5 tag","min":10,"max":100,"step":1,"unit":"px","default":14},{"type":"range","id":"fs_rte_h6","label":"H6 tag","min":10,"max":100,"step":1,"unit":"px","default":12},{"type":"header","content":"Links"},{"type":"paragraph","content":"General style"},{"type":"color","id":"color_link","label":"Text color","default":"#000","info":"Apply for some link tags. Exclude color from own settings in some sections."},{"type":"color","id":"color_general_hover","label":"Text color hover","default":"#d9121f","info":"Apply for some link tags"},{"type":"paragraph","content":"Alternative style"},{"type":"color","id":"color_link_alternative","label":"Text color","default":"#cb9400","info":"Apply for some link tags. Exclude color from own settings in some sections."},{"type":"color","id":"color_general_alternative_hover","label":"Text color hover","default":"#e9aa00","info":"Apply for some link tags"},{"type":"header","content":"Main navigation"},{"type":"paragraph","content":"Some configurations have been overridden by \"Desktop Navigation\" section. So you can view this section for details."},{"type":"paragraph","content":"------ Top Item ------"},{"type":"color","id":"color_nav_item_hover","label":"Color hover","default":"#d9121f"},{"type":"range","id":"fs_dropdown_nav_top","label":"Font size","min":10,"max":50,"step":1,"unit":"px","default":17},{"type":"paragraph","content":"------ Dropdown Title ------"},{"type":"range","id":"fs_dropdown_title","label":"Font size","min":10,"max":100,"step":1,"unit":"px","default":25},{"type":"paragraph","content":"------ Dropdown Content ------"},{"type":"range","id":"fs_dropdown_content","label":"Font size","min":10,"max":100,"step":1,"unit":"px","default":13},{"type":"color","id":"bkg_nav_item_dropdown","label":"Background color","default":"#111","info":"This configuration is only applied in the sub-content when hover a link in a link list or a click a select picker such as currency picker in header."},{"type":"header","content":"Vertical navigation"},{"type":"color","id":"color_ver_nav_bar","label":"Bar color","default":"#fff"},{"type":"color","id":"color_ver_nav_bar_hover","label":"Bar color hover","default":"#ffc3dc"},{"type":"color","id":"bkg_ver_nav_bar","label":"Bar background color","default":"#042f75"},{"type":"color","id":"bkg_ver_nav","label":"Background color","default":"#fff"},{"type":"color","id":"border_ver_nav","label":"Border color","default":"#ededed"},{"type":"color","id":"color_ver_nav_item","label":"Text item color","default":"#111","info":"Only apply for top level item. You can specify the color for each item in the Mega Menu Vertical section."},{"type":"color","id":"color_ver_nav_item_hover","label":"Text item hover color","default":"#655906","info":"Only apply for top level item"},{"type":"header","content":"Header Common Settings"},{"type":"header","content":"Header Style 1"},{"type":"color","id":"color_header1","label":"Text color","default":"#fff"},{"type":"color","id":"bkg_header1","label":"Background color","default":"#000"},{"type":"range","id":"bkg_header1_opacity","label":"Background opacity","min":0,"max":100,"step":1,"default":30},{"type":"range","id":"fs_style1","label":"Font size","min":10,"max":30,"step":1,"unit":"px","default":12},{"type":"paragraph","content":"----- The search form -----"},{"type":"color","id":"search_form_color_1","label":"Text color","default":"#000"},{"type":"header","content":"Header Style 2"},{"type":"color","id":"bkg_header2","label":"Background color","default":"#fff"},{"type":"paragraph","content":"----- Top Area -----"},{"type":"color","id":"color_header_link_style2","label":"Text color","default":"#606060"},{"type":"range","id":"fs_header_link_style2","label":"Font size","min":10,"max":30,"step":1,"unit":"px","default":13},{"type":"paragraph","content":"----- Middle Area -----"},{"type":"color","id":"color_middle_style2","label":"Text color","default":"#000"},{"type":"range","id":"fs_middle_style2","label":"Font size","min":10,"max":30,"step":1,"unit":"px","default":14},{"type":"paragraph","content":"----- Bottom Area -----"},{"type":"color","id":"color_header2","label":"Text color","default":"#444"},{"type":"paragraph","content":"----- The search form -----"},{"type":"color","id":"color_search_header2","label":"Text color","default":"#9c9c9c"},{"type":"color","id":"color_search_btn_header2","label":"Button color","default":"#989696"},{"type":"range","id":"fs_header2","label":"Font size","default":14,"min":10,"max":100,"step":1,"unit":"px"},{"type":"header","content":"Header Style 3"},{"type":"color","id":"color_header3","label":"Text color","default":"#000"},{"type":"color","id":"bkg_header3","label":"Background color","default":"#fff"},{"type":"range","id":"bkg_header3_opacity","label":"Background opacity","min":0,"max":100,"step":1,"default":30},{"type":"color","id":"color_cart_header3","label":"Cart total color","default":"#fff"},{"type":"color","id":"bkg_cart_header3","label":"Cart total background color","default":"#161619"},{"type":"paragraph","content":"----- Font sizes -----"},{"type":"range","id":"fs_icons_header3","label":"Icons","min":10,"max":30,"step":1,"unit":"px","default":18},{"type":"range","id":"fs_text_header3","label":"Text","min":10,"max":30,"step":1,"unit":"px","default":14},{"type":"range","id":"fs_cart_header3","label":"Cart total","min":10,"max":30,"step":1,"unit":"px","default":12},{"type":"header","content":"Header Style 4"},{"type":"paragraph","content":"----- Top Area -----"},{"type":"color","id":"color_top_header4","label":"Text color","default":"#16809a"},{"type":"color","id":"color_social_header4","label":"Social icons color","default":"#42a1b8"},{"type":"color","id":"bkg_top_header4","label":"Background color","default":"#e4f3f7"},{"type":"range","id":"fs_top_header4","label":"Font size","min":10,"max":30,"step":1,"unit":"px","default":12},{"type":"paragraph","content":"----- Bottom Area -----"},{"type":"color","id":"color_header4","label":"Text color","default":"#000"},{"type":"color","id":"bkg_header4","label":"Background color","default":"#fff"},{"type":"range","id":"fs_bottom_header4","label":"Font size","min":10,"max":30,"step":1,"unit":"px","default":12},{"type":"header","content":"Header Style 5"},{"type":"paragraph","content":"----- Top Area -----"},{"type":"color","id":"color_top_header5","label":"Text color","default":"#fff"},{"type":"color","id":"bkg_top_header5","label":"Background color","default":"#000"},{"type":"range","id":"fs_top_header5","label":"Font size","min":10,"max":30,"step":1,"unit":"px","default":12},{"type":"paragraph","content":"----- Bottom & Middle Area -----"},{"type":"color","id":"color_header5","label":"Text color","default":"#010101"},{"type":"color","id":"bkg_header5","label":"Background color","default":"#fff"},{"type":"range","id":"fs_middle_header5","label":"Font size","min":10,"max":30,"step":1,"unit":"px","default":12},{"type":"header","content":"Header Style 6"},{"type":"paragraph","content":"---------- Top Area ----------"},{"type":"color","id":"color_top_header6","label":"Text color","default":"#bbb"},{"type":"color","id":"bkg_top_header6","label":"Background color","default":"#161619"},{"type":"range","id":"fs_top_header6","label":"Font size","min":10,"max":30,"step":1,"unit":"px","default":12},{"type":"paragraph","content":"---------- Middle Area ----------"},{"type":"color","id":"color_middle_header6","label":"Text color","default":"#000"},{"type":"range","id":"fs_middle_header6","label":"Text font size","min":10,"max":30,"step":1,"unit":"px","default":13},{"type":"range","id":"fs_icon_header6","label":"Icon font size","min":10,"max":30,"step":1,"unit":"px","default":18},{"type":"color","id":"color_cart_header6","label":"Cart total color","default":"#fff"},{"type":"color","id":"bkg_cart_header6","label":"Cart total background color","default":"#000"},{"type":"range","id":"fs_cart_header6","label":"Cart total font size","min":10,"max":30,"step":1,"unit":"px","default":12},{"type":"paragraph","content":"---------- Bottom Area ----------"},{"type":"color","id":"color_header6","label":"Text color","default":"#000"},{"type":"color","id":"bkg_header6","label":"Background color","default":"#fff"},{"type":"range","id":"fs_header6","label":"Text font size","min":10,"max":30,"step":1,"unit":"px","default":14},{"type":"header","content":"Header Style 7"},{"type":"color","id":"color_header7","label":"Text color","default":"#000"},{"type":"color","id":"bkg_header7","label":"Background color","default":"#fff"},{"type":"color","id":"color_cart_header7","label":"Cart total color","default":"#fff"},{"type":"color","id":"bkg_cart_header7","label":"Cart total background color","default":"#000"},{"type":"paragraph","content":"----- Font sizes -----"},{"type":"range","id":"fs_icons_header7","label":"Icons","min":10,"max":30,"step":1,"unit":"px","default":18},{"type":"range","id":"fs_text_header7","label":"Text","min":10,"max":30,"step":1,"unit":"px","default":14},{"type":"range","id":"fs_cart_header7","label":"Cart total","min":10,"max":30,"step":1,"unit":"px","default":12},{"type":"header","content":"Header Style 8"},{"type":"paragraph","content":"----- Top Area -----"},{"type":"color","id":"bkg_top_header8","label":"Background color","default":"#fff"},{"type":"color","id":"color_top_header8","label":"Text color","default":"#292929"},{"type":"range","id":"fs_top_header8","label":"Font size","min":10,"max":30,"step":1,"unit":"px","default":12},{"type":"paragraph","content":"----- Middle Area -----"},{"type":"color","id":"color_header8","label":"Text color","default":"#222222"},{"type":"color","id":"bkg_header8","label":"Background color","default":"#fff"},{"type":"color","id":"color_icons_header8","label":"Icons color","default":"#000"},{"type":"range","id":"fs_middle_header8","label":"Navigation font size","min":10,"max":30,"step":1,"unit":"px","default":13},{"type":"paragraph","content":"----- Bottom Area -----"},{"type":"color","id":"bkg_search_area_header8","label":"Background color","default":"#333333"},{"type":"color","id":"color_search_header8","label":"Text search color","default":"#a6a6a6"},{"type":"color","id":"color_search_btn_header8","label":"Button search color","default":"#3f3f3f"},{"type":"color","id":"bkg_search_header8","label":"Search form background color","default":"#fff"},{"type":"color","id":"color_icon_text_header8","label":"Button search color","default":"#fff"},{"type":"range","id":"fs_ver_trigger_header8","label":"Vertical menu button font size","min":10,"max":30,"step":1,"unit":"px","default":15},{"type":"range","id":"fs_search_header8","label":"Search form font size","min":10,"max":30,"step":1,"unit":"px","default":14},{"type":"header","content":"Header Style 9"},{"type":"color","id":"bkg_header9","label":"Background color","default":"#fff"},{"type":"color","id":"border_header9","label":"Background color","default":"#dedede"},{"type":"paragraph","content":"----- Top Area -----"},{"type":"color","id":"color_top_text_header9","label":"Text color","default":"#888888"},{"type":"color","id":"color_top_social_header9","label":"Social color","default":"#181818"},{"type":"range","id":"fs_top_header9","label":"Font size","min":10,"max":30,"step":1,"unit":"px","default":12},{"type":"paragraph","content":"----- Bottom Area -----"},{"type":"color","id":"color_header9","label":"Text color","default":"#000"},{"type":"range","id":"fs_nav_header9","label":"Navigation Font size","min":10,"max":30,"step":1,"unit":"px","default":13},{"type":"range","id":"fs_icons_tb_header9","label":"Icons Font size in tablet","min":10,"max":30,"step":1,"unit":"px","default":21},{"type":"range","id":"fs_icons_dk_header9","label":"Icons Font size in desktop","min":10,"max":30,"step":1,"unit":"px","default":23},{"type":"header","content":"Header Style 10"},{"type":"color","id":"color_header10","label":"Text color","default":"#e5dfd9"},{"type":"color","id":"bkg_header10","label":"Background color","default":"#000"},{"type":"range","id":"bkg_header10_opacity","label":"Background opacity","min":0,"max":100,"step":1,"default":30},{"type":"color","id":"color_cart_header10","label":"Cart color","default":"#fff"},{"type":"range","id":"fs_top_header10","label":"Top area font size","min":10,"max":30,"step":1,"unit":"px","default":11},{"type":"range","id":"fs_cart_header10","label":"Cart icon font size","min":10,"max":30,"step":1,"unit":"px","default":13},{"type":"range","id":"fs_nav_header10","label":"Navigation font size","min":10,"max":30,"step":1,"unit":"px","default":13},{"type":"header","content":"Mobile Header"},{"type":"color","id":"color_header_mobile","label":"Text color","default":"#222"},{"type":"color","id":"bkg_header_mobile","label":"Background color","default":"#fff"},{"type":"range","id":"fs_header_link_mobile","label":"Mobile link font size","default":21,"min":10,"max":100,"step":1,"unit":"px"},{"type":"header","content":"Section Title"},{"type":"color","id":"color_st","label":"Text color","default":"#000"},{"type":"color","id":"color_st_highline","label":"Text highline color","default":"#a38255"},{"type":"range","id":"fs_st","label":"Text font size","default":27,"min":10,"max":100,"step":1,"unit":"px"},{"type":"range","id":"fs_st_mobile","label":"Text font size mobile","default":36,"min":10,"max":100,"step":1,"unit":"px"},{"type":"header","content":"Section Sub Title"},{"type":"color","id":"color_sst","label":"Text color","default":"#555"},{"type":"range","id":"fs_sst","label":"Text font size","default":12,"min":10,"max":100,"step":1,"unit":"px"},{"type":"range","id":"fs_sst_mobile","label":"Text font size mobile","default":11,"min":10,"max":100,"step":1,"unit":"px"},{"type":"header","content":"Product Title"},{"type":"color","id":"color_item","label":"Color","default":"#000"},{"type":"range","id":"fs_item","label":"Font size","default":16,"min":10,"max":100,"step":1,"unit":"px"},{"type":"header","content":"Price"},{"type":"color","id":"color_price","label":"Color","default":"#d9121f"},{"type":"range","id":"fs_price","label":"Font size","default":16,"min":10,"max":100,"step":1,"unit":"px"},{"type":"header","content":"Compare Price"},{"type":"color","id":"color_compare_price","label":"Color","default":"#000"},{"type":"range","id":"fs_compare_price","label":"Font size","default":16,"min":10,"max":100,"step":1,"unit":"px"},{"type":"header","content":"Color Swatches"},{"type":"color","id":"swatch_border_color","label":"Border color","default":"#ccc"},{"type":"range","id":"swatch_size","label":"Font size","default":30,"min":10,"max":100,"step":1,"unit":"px"},{"type":"header","content":"Item Vendor"},{"type":"color","id":"item_vendor_color","label":"Color","default":"#000"},{"type":"range","id":"item_vendor_fs","label":"Font size","default":10,"min":5,"max":100,"step":1,"unit":"px"},{"type":"header","content":"Cart button"},{"type":"color","id":"color_btn_cart","label":"Text color","default":"#fff"},{"type":"color","id":"bkg_btn_cart","label":"Background color","default":"#000"},{"type":"color","id":"color_btn_cart_hover","label":"Text color hover","default":"#fff"},{"type":"color","id":"bkg_btn_cart_hover","label":"Background color hover","default":"#ec0606"},{"type":"header","content":"Style 1 button"},{"type":"color","id":"color_btn_s1","label":"Text color","default":"#222"},{"type":"color","id":"border_btn_s1","label":"Border color","default":"#ccc"},{"type":"color","id":"bkg_btn_s1","label":"Background color","default":"#fff"},{"type":"color","id":"color_btn_s1_hover","label":"Text color hover","default":"#fff"},{"type":"color","id":"border_btn_s1_hover","label":"Border color hover","default":"#d9121f"},{"type":"color","id":"bkg_btn_s1_hover","label":"Background color hover","default":"#d9121f"},{"type":"header","content":"Style 2 button"},{"type":"color","id":"color_btn_s2","label":"Text color","default":"#fff"},{"type":"color","id":"border_btn_s2","label":"Border color","default":"#d9121f"},{"type":"color","id":"bkg_btn_s2","label":"Background color","default":"#d9121f"},{"type":"color","id":"color_btn_s2_hover","label":"Text color hover","default":"#fff"},{"type":"color","id":"border_btn_s2_hover","label":"Border color hover","default":"#222"},{"type":"color","id":"bkg_btn_s2_hover","label":"Background color hover","default":"#222"},{"type":"header","content":"Style 3 button"},{"type":"color","id":"color_btn_s3","label":"Text color","default":"#fff"},{"type":"color","id":"border_btn_s3","label":"Border color","default":"#222"},{"type":"color","id":"bkg_btn_s3","label":"Background color","default":"#222"},{"type":"color","id":"color_btn_s3_hover","label":"Text color hover","default":"#222"},{"type":"color","id":"border_btn_s3_hover","label":"Border color hover","default":"#222"},{"type":"color","id":"bkg_btn_s3_hover","label":"Background color hover","default":"#fff"},{"type":"header","content":"Tab Title"},{"type":"color","id":"color_tt","label":"Text color","default":"#888"},{"type":"color","id":"color_tt_hover","label":"Text color hover or active","default":"#000"},{"type":"range","id":"fs_tt_mobile","label":"Font size in mobile screen","default":13,"min":10,"max":100,"step":1,"unit":"px"},{"type":"range","id":"fs_tt","label":"Font size in the tablet and desktop","default":12,"min":10,"max":100,"step":1,"unit":"px"},{"type":"header","content":"Sidebar Canvas"},{"type":"color","id":"bkg_sidebar_canvas","label":"Background Color","default":"#fff"},{"type":"header","content":"Product page and quick view popup"},{"type":"paragraph","content":"------------ Vendor ------------"},{"type":"color","id":"product_single_vendor_color","label":"Color","default":"#222"},{"type":"range","id":"product_single_vendor_fs","label":"Font size","min":5,"max":100,"step":1,"unit":"px","default":12},{"type":"paragraph","content":"------------ Title ------------"},{"type":"color","id":"product_single_color","label":"Color","default":"#222"},{"type":"range","id":"product_single_fs_mb","label":"Font size in mobile","min":10,"max":100,"step":1,"unit":"px","default":30},{"type":"range","id":"product_single_fs_dk","label":"Font size in tablet and desktop","min":10,"max":100,"step":1,"unit":"px","default":34},{"type":"paragraph","content":"--------- Buy it now button ---------"},{"type":"color","id":"buy_btn_color","label":"Text color","default":"#fcfcfc"},{"type":"color","id":"buy_btn_bkg_color","label":"Background color","default":"#515151"},{"type":"color","id":"buy_btn_border_color","label":"Border color","default":"#515151"},{"type":"color","id":"buy_btn_color_hover","label":"Text color hover","default":"#fff"},{"type":"color","id":"buy_btn_bkg_color_hover","label":"Background color hover","default":"#242424"},{"type":"color","id":"buy_btn_border_color_hover","label":"Border color hover","default":"#6a6a6a"},{"type":"paragraph","content":"----- Countdown Timer -----"},{"type":"paragraph","content":"Not apply for the countdown timer on the product page."},{"type":"color","id":"color_countdown","label":"Color","default":"#000"},{"type":"color","id":"bkg_countdown","label":"Background color","default":"#e8e8e8"},{"type":"range","id":"product_page_countdown_fs","label":"Font size","min":10,"max":30,"step":1,"unit":"px","default":23},{"type":"paragraph","content":"----- Qty Box -----"},{"type":"color","id":"color_border_qty","label":"Border color","default":"#ccc"},{"type":"paragraph","content":"------- Price -------"},{"type":"range","id":"fs_product_price_sale_single","label":"Font size","min":10,"max":100,"step":1,"default":50,"unit":"px"},{"type":"range","id":"fs_product_price_sale_single_mobile","label":"Font size mobile","min":10,"max":100,"step":1,"default":30,"unit":"px"},{"type":"paragraph","content":"------- Discount text -------"},{"type":"color","id":"color_discount_text_single","label":"Text color","default":"#a27f51"},{"type":"paragraph","content":"------- Tab area -------"},{"type":"color","id":"tab_item_color_single","label":"Tab title color","default":"#000"},{"type":"color","id":"tab_item_active_color_single","label":"Tab title color hover or active","default":"#000"},{"type":"range","id":"fs_tab_item_single","label":"Tab title font size","min":10,"max":100,"step":1,"default":17,"unit":"px"},{"type":"range","id":"fs_tab_item_single_mobile","label":"Tab title font size in mobile","min":10,"max":100,"step":1,"default":14,"unit":"px"},{"type":"header","content":"Footer"},{"type":"paragraph","content":"------- Column Title -------"},{"type":"color","id":"color_footer_column_title","label":"Color","default":"#222"},{"type":"range","id":"fs_footer_column_title","label":"Font size","min":10,"max":100,"step":1,"default":20,"unit":"px"},{"type":"paragraph","content":"------- Column Content -------"},{"type":"color","id":"color_footer_column_content","label":"Color","default":"#8a8282"},{"type":"color","id":"color_footer_column_content_hover","label":"Color hover","default":"#222"},{"type":"range","id":"fs_footer_column_content","label":"Font size","min":10,"max":100,"step":1,"default":13,"unit":"px"},{"type":"paragraph","content":"-------- Social Icons --------"},{"type":"color","id":"footer_social_color","label":"Icons color","default":"#696969"},{"type":"range","id":"footer_social_fs","label":"Font size","min":10,"max":60,"step":1,"unit":"px","default":14},{"type":"paragraph","content":"---------- Newsletter ----------"},{"type":"color","id":"footer_news_color","label":"Text color","default":"#8b8b8b"},{"type":"color","id":"footer_news_bkg","label":"Text color","default":"#303030"},{"type":"header","content":"Input Fields"},{"type":"color","id":"border_input","label":"Border color","default":"#a7a1a1"},{"type":"color","id":"border_input_focus","label":"Border color when user focus","default":"#4285f4"},{"type":"header","content":"Blog post"},{"type":"color","id":"blog_color_date_author","label":"Date & author color","default":"#999"},{"type":"color","id":"blog_color_article_title","label":"Article title color in a list","default":"#2a302d"},{"type":"header","content":"Topbar Loading"},{"type":"color","id":"topbar_stage1_color","label":"Stage 1","default":"#707ef5"},{"type":"color","id":"topbar_stage2_color","label":"Stage 2","default":"#3041d2"},{"type":"color","id":"topbar_stage3_color","label":"Stage 3","default":"#dc1d49"},{"type":"color","id":"topbar_stage4_color","label":"Stage 4","default":"#c72323"},{"type":"color","id":"topbar_stage5_color","label":"Stage 5","default":"#ff0000"},{"type":"header","content":"Slider buttons color"},{"type":"color","id":"slider_btn_color","label":"Normal state","default":"#b4b4b4"},{"type":"color","id":"slider_btn_hover_color","label":"Hover state","default":"#7d7d7d"}]},{"name":"Social media","settings":[{"type":"paragraph","content":"[View the guide for these settings](https:\/\/beloria-docs.boostheme.com\/theme-settings\/social-media)"},{"type":"header","content":{"de":"Teilen auf Social Media","en":"Social sharing options","es":"Opciones para compartir en redes sociales","fr":"Options de partage sur les médias sociaux","it":"Opzioni di condivisione sui social","ja":"SNSシェアのオプション","nl":"Opties voor sociaal delen","pt-BR":"Opções de compartilhamento social","zh-CN":"社交分享选项","zh-TW":"社群分享選項"}},{"type":"checkbox","id":"share_facebook","label":{"de":"Teilen auf Facebook","en":"Share on Facebook","es":"Compartir en Facebook","fr":"Partager sur Facebook","it":"Condividi su Facebook","ja":"Facebookでシェアする","nl":"Delen op Facebook","pt-BR":"Compartilhar no Facebook","zh-CN":"在 Facebook 上共享","zh-TW":"分享至 Facebook"},"default":true},{"type":"checkbox","id":"share_twitter","label":{"de":"Tweet auf Twitter","en":"Tweet on Twitter","es":"Tuitear en Twitter","fr":"Tweeter sur Twitter","it":"Twitta su Twitter","ja":"Twitterに投稿する","nl":"Twitteren op Twitter","pt-BR":"Tweetar","zh-CN":"在 Twitter 上发推文","zh-TW":"在 Twitter 上發佈推文"},"default":true},{"type":"checkbox","id":"share_pinterest","label":{"en":"Pin on Pinterest","es":"Pinear en Pinterest","fr":"Épingler sur Pinterest","it":"Pinna su Pinterest","ja":"Pinterestでピンする","nl":"Pinnen op Pinterest","pt-BR":"Pin no Pinterest","zh-CN":"固定在 Pinterest 上","zh-TW":"加入 Pinterest"},"default":true},{"type":"header","content":"Social accounts"},{"type":"text","id":"social_twitter_link","label":{"de":"Twitter","en":"Twitter","es":"Twitter","fr":"Twitter","it":"Twitter","ja":"Twitter","pt-BR":"Twitter"},"info":{"de":"https:\/\/twitter.com\/shopify","en":"https:\/\/twitter.com\/shopify","es":"https:\/\/twitter.com\/shopify","fr":"https:\/\/twitter.com\/shopify","it":"https:\/\/twitter.com\/shopify","ja":"https:\/\/twitter.com\/shopify","pt-BR":"https:\/\/twitter.com\/shopify"}},{"type":"text","id":"social_facebook_link","label":{"de":"Facebook","en":"Facebook","es":"Facebook","fr":"Facebook","it":"Facebook","ja":"Facebook","pt-BR":"Facebook"},"info":{"de":"https:\/\/facebook.com\/shopify","en":"https:\/\/facebook.com\/shopify","es":"https:\/\/www.facebook.com\/ShopifyES\/","fr":"https:\/\/facebook.com\/shopify","it":"https:\/\/facebook.com\/shopify","ja":"https:\/\/facebook.com\/shopify","pt-BR":"https:\/\/facebook.com\/shopify"}},{"type":"text","id":"social_pinterest_link","label":{"de":"Pinterest","en":"Pinterest","es":"Pinterest","fr":"Pinterest","it":"Pinterest","ja":"Pinterest","pt-BR":"Pinterest"},"info":{"de":"https:\/\/pinterest.com\/shopify","en":"https:\/\/pinterest.com\/shopify","es":"https:\/\/pinterest.com\/shopify","fr":"https:\/\/pinterest.com\/shopify","it":"https:\/\/pinterest.com\/shopify","ja":"https:\/\/pinterest.com\/shopify","pt-BR":"https:\/\/pinterest.com\/shopify"}},{"type":"text","id":"social_instagram_link","label":{"de":"Instagram","en":"Instagram","es":"Instagram","fr":"Instagram","it":"Instagram","ja":"Instagram","pt-BR":"Instagram"},"info":{"de":"http:\/\/instagram.com\/shopify","en":"http:\/\/instagram.com\/shopify","es":"http:\/\/instagram.com\/shopify","fr":"http:\/\/instagram.com\/shopify","it":"http:\/\/instagram.com\/shopify","ja":"http:\/\/instagram.com\/shopify","pt-BR":"http:\/\/instagram.com\/shopify"}},{"type":"text","id":"social_tumblr_link","label":{"de":"Tumblr","en":"Tumblr","es":"Tumblr","fr":"Tumblr","it":"Tumblr","ja":"Tumblr","pt-BR":"Tumblr"},"info":{"de":"http:\/\/shopify.tumblr.com","en":"http:\/\/shopify.tumblr.com","es":"http:\/\/shopify.tumblr.com","fr":"http:\/\/shopify.tumblr.com","it":"http:\/\/shopify.tumblr.com","ja":"http:\/\/shopify.tumblr.com","pt-BR":"http:\/\/shopify.tumblr.com"}},{"type":"text","id":"social_snapchat_link","label":{"de":"Snapchat","en":"Snapchat","es":"Snapchat","fr":"Snapchat","it":"Snapchat","ja":"Snapchat","pt-BR":"Snapchat"},"info":{"de":"https:\/\/www.snapchat.com\/add\/shopify","en":"https:\/\/www.snapchat.com\/add\/shopify","es":"https:\/\/www.snapchat.com\/add\/shopify","fr":"https:\/\/www.snapchat.com\/add\/shopify","it":"https:\/\/www.snapchat.com\/add\/shopify","ja":"https:\/\/www.snapchat.com\/add\/shopify","pt-BR":"https:\/\/www.snapchat.com\/add\/shopify"}},{"type":"text","id":"social_youtube_link","label":{"de":"YouTube","en":"YouTube","es":"Youtube","fr":"YouTube","it":"YouTube","ja":"YouTube","pt-BR":"YouTube"},"info":{"de":"https:\/\/www.youtube.com\/shopify","en":"https:\/\/www.youtube.com\/shopify","es":"https:\/\/www.youtube.com\/shopify","fr":"https:\/\/www.youtube.com\/shopify","it":"https:\/\/www.youtube.com\/shopify","ja":"https:\/\/www.youtube.com\/shopify","pt-BR":"https:\/\/www.youtube.com\/shopify"}},{"type":"text","id":"social_vimeo_link","label":{"de":"Vimeo","en":"Vimeo","es":"Vimeo","fr":"Vimeo","it":"Vimeo","ja":"Vimeo","pt-BR":"Vimeo"},"info":{"de":"https:\/\/vimeo.com\/shopify","en":"https:\/\/vimeo.com\/shopify","es":"https:\/\/vimeo.com\/shopify","fr":"https:\/\/vimeo.com\/shopify","it":"https:\/\/vimeo.com\/shopify","ja":"https:\/\/vimeo.com\/shopify","pt-BR":"https:\/\/vimeo.com\/shopify"}}]},{"name":"Favicon","settings":[{"type":"paragraph","content":"[View the guide for these settings](https:\/\/beloria-docs.boostheme.com\/theme-settings\/favicon)"},{"type":"image_picker","id":"favicon","label":"Favicon image","info":"Will be scaled down to 32 x 32px"},{"type":"header","content":"Badge"},{"type":"paragraph","content":"Show the number of items in the cart beside the favicon."},{"type":"checkbox","id":"badge_enable","label":"Enable","default":true},{"type":"radio","id":"badge_pos","label":"Position","options":[{"value":"left","label":"Left"},{"value":"right","label":"Right"},{"value":"up","label":"Up"},{"value":"down","label":"Down"}],"default":"up"},{"type":"color","id":"badge_bkg_color","label":"Background color","default":"#000"},{"type":"color","id":"badge_text_color","label":"Text color","default":"#fff"}]},{"name":"Product Settings","settings":[{"type":"paragraph","content":"[View the guide for these settings](https:\/\/beloria-docs.boostheme.com\/theme-settings\/product-settings)"},{"type":"header","content":"General settings"},{"type":"checkbox","id":"enable_quickview","label":"Enable quick view button","default":true},{"type":"text","id":"dropdown_options","label":"Show option as a drop-down","info":"Add option name you want to show as dropdown. Each option name is separated by comma."},{"type":"select","id":"thumbnail_ratio","label":"Thumbnail ratio","options":[{"value":"25","label":"Horizontal rectangle 1 ( 4:1 )"},{"value":"50","label":"Horizontal rectangle 2 ( 2:1 )"},{"value":"75","label":"Horizontal rectangle 3 ( 4:3 )"},{"value":"100","label":"Square ( 1:1 )"},{"value":"125","label":"Vertical rectangle 1 ( 1:4 )"},{"value":"150","label":"Vertical rectangle 2 ( 1:2 )"},{"value":"175","label":"Vertical rectangle 3 ( 3:4 )"},{"value":"auto","label":"Auto"}],"default":"auto"},{"type":"header","content":"Pre-order settings"},{"type":"paragraph","content":"When the inventory quantity is less than zero and you enable \"Continue selling when out of stock\". The pre-order text will be shown."},{"type":"checkbox","id":"pre_order_enable","label":"Enable","default":true},{"type":"header","content":"Wishlist feature"},{"type":"checkbox","id":"enable_wishlist","label":"Enable","default":true},{"type":"paragraph","content":"----- Product item settings -----"},{"type":"select","id":"wishlist_type","options":[{"value":"local","label":"Wishlist Local"},{"value":"growave","label":"Growave Wishlist"}],"label":"Wishlist app","default":"local"},{"type":"select","id":"wishlist_main_thumbnail","label":"Show main thumbnail by","options":[{"value":"product_image","label":"Featured product image"},{"value":"variant_image","label":"First available variant image"}],"default":"product_image"},{"type":"checkbox","id":"wishlist_show_label","label":"Show label","default":true},{"type":"checkbox","id":"wishlist_show_cart_btn","label":"Show Add to cart button","default":true},{"type":"checkbox","id":"wishlist_show_qs_btn","label":"Show Quick Shop button","default":true},{"type":"checkbox","id":"wishlist_show_compare_btn","label":"Show Compare button","default":true},{"type":"checkbox","id":"wishlist_show_review_stars","label":"Show review stars","default":true},{"type":"checkbox","id":"wishlist_enable_product_options","label":"Enable Product Options","default":true},{"type":"range","id":"wishlist_product_name_size","label":"Product name's size","info":"Use this configuration to make product name is shorter if your product name is too long. Leave zero if you want to dislpay full product name. Unit: word(wor)","min":0,"max":30,"default":5,"step":1},{"type":"header","content":"Comparison feature"},{"type":"checkbox","id":"enable_compare","label":"Enable","default":true},{"type":"range","id":"compare_truncate","label":"Truncate product's name in comparison popup","min":0,"max":30,"unit":"wor","info":"Unit : word(wor)","default":0},{"type":"header","content":"Countdown timer"},{"type":"checkbox","id":"enable_countdown_all","label":"Enable countdown for all","default":true},{"type":"text","id":"countdown_expression","label":"Countdown Express","info":"Format DD:HH:II:SS (Day:hour:minute:second) or YYYY\/MM\/DD HH:II:SS (Year\/Month\/Day Hour:Minute:Second)","default":"00:05:30:00"},{"type":"header","content":"Review app"},{"type":"checkbox","id":"enable_review","label":"Enable review feature","default":true},{"type":"radio","id":"review_app","label":"Choose review app","options":[{"value":"product_review","label":"[Product review by Shopify](https:\/\/apps.shopify.com\/product-reviews)"},{"value":"ali_reviews","label":"[Ali Reviews](https:\/\/apps.shopify.com\/ali-reviews)"},{"value":"ryviu","label":"[Ryviu](https:\/\/www.ryviu.com\/?rel=qwqw8qzg)"},{"value":"yotpo","label":"[Yotpo](https:\/\/www.yotpo.com)"},{"value":"loox","label":"[Loox](https:\/\/loox.io\/app\/getboost)"},{"value":"growave","label":"[Growave](https:\/\/growave.io?ref=boostheme)"},{"value":"judge.me","label":"[Judge.me](https:\/\/judge.me)"},{"value":"other","label":"Other apps"}],"default":"product_review"},{"type":"text","id":"yotpo_app_key","label":"Yotpo app key","info":"Fill this field when you choose the review app is \"Yotpo\"","default":"aupvaOhFAFM59YvNhpqplt6RFzxGxuTDYCh9r3Ms"},{"type":"header","content":"Color swatches"},{"type":"radio","id":"cs_swatch_type","label":"Show color swatch by","options":[{"value":"variant","label":"Variant image"},{"value":"custom","label":"Custom color codes"}],"default":"variant","info":"If you choose \"custom color codes\", you can configure your color codes in below fields."},{"type":"header","content":"Custom Color Codes"},{"type":"paragraph","content":"Color product tag must match with color name. Ex: if you have a color name is \"Light Blue\", you have to add color product tag is \"light-blue\"."},{"type":"paragraph","content":"======= Color 1 ======="},{"type":"text","id":"cs_tag_1","label":"Color product tag"},{"type":"color","id":"cs_code_1","label":"Pick a color"},{"type":"image_picker","id":"cs_custom_1","label":"Custom color"},{"type":"paragraph","content":"======= Color 2 ======="},{"type":"text","id":"cs_tag_2","label":"Color product tag"},{"type":"color","id":"cs_code_2","label":"Pick a color"},{"type":"image_picker","id":"cs_custom_2","label":"Custom color"},{"type":"paragraph","content":"======= Color 3 ======="},{"type":"text","id":"cs_tag_3","label":"Color product tag"},{"type":"color","id":"cs_code_3","label":"Pick a color"},{"type":"image_picker","id":"cs_custom_3","label":"Custom color"},{"type":"paragraph","content":"======= Color 4 ======="},{"type":"text","id":"cs_tag_4","label":"Color product tag"},{"type":"color","id":"cs_code_4","label":"Pick a color"},{"type":"image_picker","id":"cs_custom_4","label":"Custom color"},{"type":"paragraph","content":"======= Color 5 ======="},{"type":"text","id":"cs_tag_5","label":"Color product tag"},{"type":"color","id":"cs_code_5","label":"Pick a color"},{"type":"image_picker","id":"cs_custom_5","label":"Custom color"},{"type":"paragraph","content":"======= Color 6 ======="},{"type":"text","id":"cs_tag_6","label":"Color product tag"},{"type":"color","id":"cs_code_6","label":"Pick a color"},{"type":"image_picker","id":"cs_custom_6","label":"Custom color"},{"type":"paragraph","content":"======= Color 7 ======="},{"type":"text","id":"cs_tag_7","label":"Color product tag"},{"type":"color","id":"cs_code_7","label":"Pick a color"},{"type":"image_picker","id":"cs_custom_7","label":"Custom color"},{"type":"paragraph","content":"======= Color 8 ======="},{"type":"text","id":"cs_tag_8","label":"Color product tag"},{"type":"color","id":"cs_code_8","label":"Pick a color"},{"type":"image_picker","id":"cs_custom_8","label":"Custom color"},{"type":"paragraph","content":"======= Color 9 ======="},{"type":"text","id":"cs_tag_9","label":"Color product tag"},{"type":"color","id":"cs_code_9","label":"Pick a color"},{"type":"image_picker","id":"cs_custom_9","label":"Custom color"},{"type":"paragraph","content":"======= Color 10 ======="},{"type":"text","id":"cs_tag_10","label":"Color product tag"},{"type":"color","id":"cs_code_10","label":"Pick a color"},{"type":"image_picker","id":"cs_custom_10","label":"Custom color"},{"type":"paragraph","content":"======= Color 11 ======="},{"type":"text","id":"cs_tag_11","label":"Color product tag"},{"type":"color","id":"cs_code_11","label":"Pick a color"},{"type":"image_picker","id":"cs_custom_11","label":"Custom color"},{"type":"paragraph","content":"======= Color 12 ======="},{"type":"text","id":"cs_tag_12","label":"Color product tag"},{"type":"color","id":"cs_code_12","label":"Pick a color"},{"type":"image_picker","id":"cs_custom_12","label":"Custom color"},{"type":"paragraph","content":"======= Color 13 ======="},{"type":"text","id":"cs_tag_13","label":"Color product tag"},{"type":"color","id":"cs_code_13","label":"Pick a color"},{"type":"image_picker","id":"cs_custom_13","label":"Custom color"},{"type":"paragraph","content":"======= Color 14 ======="},{"type":"text","id":"cs_tag_14","label":"Color product tag"},{"type":"color","id":"cs_code_14","label":"Pick a color"},{"type":"image_picker","id":"cs_custom_14","label":"Custom color"},{"type":"paragraph","content":"======= Color 15 ======="},{"type":"text","id":"cs_tag_15","label":"Color product tag"},{"type":"color","id":"cs_code_15","label":"Pick a color"},{"type":"image_picker","id":"cs_custom_15","label":"Custom color"},{"type":"paragraph","content":"======= Color 16 ======="},{"type":"text","id":"cs_tag_16","label":"Color product tag"},{"type":"color","id":"cs_code_16","label":"Pick a color"},{"type":"image_picker","id":"cs_custom_16","label":"Custom color"},{"type":"paragraph","content":"======= Color 17 ======="},{"type":"text","id":"cs_tag_17","label":"Color product tag"},{"type":"color","id":"cs_code_17","label":"Pick a color"},{"type":"image_picker","id":"cs_custom_17","label":"Custom color"},{"type":"paragraph","content":"======= Color 18 ======="},{"type":"text","id":"cs_tag_18","label":"Color product tag"},{"type":"color","id":"cs_code_18","label":"Pick a color"},{"type":"image_picker","id":"cs_custom_18","label":"Custom color"},{"type":"paragraph","content":"======= Color 19 ======="},{"type":"text","id":"cs_tag_19","label":"Color product tag"},{"type":"color","id":"cs_code_19","label":"Pick a color"},{"type":"image_picker","id":"cs_custom_19","label":"Custom color"},{"type":"paragraph","content":"======= Color 20 ======="},{"type":"text","id":"cs_tag_20","label":"Color product tag"},{"type":"color","id":"cs_code_20","label":"Pick a color"},{"type":"image_picker","id":"cs_custom_20","label":"Custom color"},{"type":"paragraph","content":"======= Color 21 ======="},{"type":"text","id":"cs_tag_21","label":"Color product tag"},{"type":"color","id":"cs_code_21","label":"Pick a color"},{"type":"image_picker","id":"cs_custom_21","label":"Custom color"},{"type":"paragraph","content":"======= Color 22 ======="},{"type":"text","id":"cs_tag_22","label":"Color product tag"},{"type":"color","id":"cs_code_22","label":"Pick a color"},{"type":"image_picker","id":"cs_custom_22","label":"Custom color"},{"type":"paragraph","content":"======= Color 23 ======="},{"type":"text","id":"cs_tag_23","label":"Color product tag"},{"type":"color","id":"cs_code_23","label":"Pick a color"},{"type":"image_picker","id":"cs_custom_23","label":"Custom color"},{"type":"paragraph","content":"======= Color 24 ======="},{"type":"text","id":"cs_tag_24","label":"Color product tag"},{"type":"color","id":"cs_code_24","label":"Pick a color"},{"type":"image_picker","id":"cs_custom_24","label":"Custom color"},{"type":"paragraph","content":"======= Color 25 ======="},{"type":"text","id":"cs_tag_25","label":"Color product tag"},{"type":"color","id":"cs_code_25","label":"Pick a color"},{"type":"image_picker","id":"cs_custom_25","label":"Custom color"},{"type":"paragraph","content":"======= Color 26 ======="},{"type":"text","id":"cs_tag_26","label":"Color product tag"},{"type":"color","id":"cs_code_26","label":"Pick a color"},{"type":"image_picker","id":"cs_custom_26","label":"Custom color"},{"type":"paragraph","content":"======= Color 27 ======="},{"type":"text","id":"cs_tag_27","label":"Color product tag"},{"type":"color","id":"cs_code_27","label":"Pick a color"},{"type":"image_picker","id":"cs_custom_27","label":"Custom color"},{"type":"paragraph","content":"======= Color 28 ======="},{"type":"text","id":"cs_tag_28","label":"Color product tag"},{"type":"color","id":"cs_code_28","label":"Pick a color"},{"type":"image_picker","id":"cs_custom_28","label":"Custom color"},{"type":"paragraph","content":"======= Color 29 ======="},{"type":"text","id":"cs_tag_29","label":"Color product tag"},{"type":"color","id":"cs_code_29","label":"Pick a color"},{"type":"image_picker","id":"cs_custom_29","label":"Custom color"},{"type":"paragraph","content":"======= Color 30 ======="},{"type":"text","id":"cs_tag_30","label":"Color product tag"},{"type":"color","id":"cs_code_30","label":"Pick a color"},{"type":"image_picker","id":"cs_custom_30","label":"Custom color"}]},{"name":"Product Labels","settings":[{"type":"paragraph","content":"[View the guide for these settings](https:\/\/beloria-docs.boostheme.com\/theme-settings\/product-labels)"},{"type":"header","content":"These Labels work base on Tags"},{"type":"header","content":"New Lables"},{"type":"paragraph","content":"tag the 'new' tag into your products"},{"type":"checkbox","id":"new_active","label":"Active New Label","default":true},{"type":"select","id":"new_type","label":"Label Type","options":[{"value":"text","label":"Text"},{"value":"img","label":"Image"}],"default":"text"},{"type":"text","id":"new_text","label":"Text lalel","default":"New"},{"type":"color","id":"new_color","label":"Color for Text lalel","default":"#ffffff"},{"type":"color","id":"new_bkgcolor","label":"Background Color for Text lalel","default":"#c97178"},{"type":"image","id":"label_new_img.png","label":"Image lalel","info":"Recommend 50x100"},{"type":"header","content":"Best Selling Lables"},{"type":"paragraph","content":"tag the 'best' tag into your products"},{"type":"checkbox","id":"best_active","label":"Active BestSelling Label","default":true},{"type":"select","id":"best_type","label":"Label Type","options":[{"value":"text","label":"Text"},{"value":"img","label":"Image"}],"default":"text"},{"type":"text","id":"best_text","label":"Text lalel","default":"Best Selling"},{"type":"color","id":"best_color","label":"Color for Text lalel","default":"#ffffff"},{"type":"color","id":"best_bkgcolor","label":"Background Color for Text lalel","default":"#c97178"},{"type":"image","id":"label_best_img.png","label":"Image lalel","info":"Recommend 50x100"},{"type":"header","content":"Trending Lables"},{"type":"paragraph","content":"tag the 'trend' tag into your products"},{"type":"checkbox","id":"trend_active","label":"Active Trending Label","default":true},{"type":"select","id":"trend_type","label":"Label Type","options":[{"value":"text","label":"Text"},{"value":"img","label":"Image"}],"default":"text"},{"type":"text","id":"trend_text","label":"Text lalel","default":"Trending"},{"type":"color","id":"trend_color","label":"Color for Text lalel","default":"#ffffff"},{"type":"color","id":"trend_bkgcolor","label":"Background Color for Text lalel","default":"#c97178"},{"type":"image","id":"label_trend_img.png","label":"Image lalel","info":"Recommend 50x100"},{"type":"header","content":"Deal Lables"},{"type":"paragraph","content":"Auto set when product have special price"},{"type":"checkbox","id":"sale_active","label":"Active Sale Off Label","default":true},{"type":"select","id":"sale_type","label":"Label Type","options":[{"value":"text","label":"Text"},{"value":"img","label":"Image"}],"default":"text"},{"type":"text","id":"sale_text","label":"Text lalel","default":"[percent]","info":"Tips: use \"[percent]\" variable to show the percent number. Ex: -50%."},{"type":"color","id":"sale_color","label":"Color for Text lalel","default":"#ffffff"},{"type":"color","id":"sale_bkgcolor","label":"Background Color for Text lalel","default":"#c97178"},{"type":"image","id":"label_sale_img.png","label":"Image lalel","info":"Recommend 50x100"}]},{"name":"Currency","settings":[{"type":"paragraph","content":"[View the guide for these settings](https:\/\/beloria-docs.boostheme.com\/theme-settings\/currency)"},{"type":"header","content":"General settings"},{"type":"paragraph","content":"To offer multiple currencies on your online store, you must first [edit your store's currency formatting]({{ site.url }}\/manual\/using-themes\/change-the-layout\/help-script-find-money-formats)."},{"type":"select","id":"currency_format","label":"Format","options":[{"value":"money_format","label":"Without currency ($10.00)"},{"value":"money_with_currency_format","label":"With currency ($10.00 CAD)"}],"default":"money_with_currency_format"},{"type":"checkbox","id":"show_multiple_currencies","label":"Show Currency Switcher","default":true},{"type":"radio","id":"currency_converter_engine","label":"Currency Converter Engine","options":[{"value":"shopify","label":"Shopify JS"},{"value":"shopify_plus","label":"Shopify Payments"}],"default":"shopify","info":"If you pick \"Shopify Payments\", you can refer to [this article](https:\/\/help.shopify.com\/en\/manual\/payments\/multi-currency\/setup) for setting up multiple currencies."},{"type":"header","content":"Shopify JS Engine"},{"type":"paragraph","content":"Only affect when you pick the currency converter engine is \"Shopify JS\". Even though prices are displayed in different currencies, orders will still be processed in your store's currency. Clear your browser cache to see your changes."},{"type":"checkbox","id":"enable_currency_auto","label":"Enable Auto Currency Converter","default":true},{"type":"text","id":"supported_currencies","label":"Supported currencies","default":"INR GBP CAD USD AUD EUR JPY","info":"Use the country's ISO [currency code](http:\/\/www.xe.com\/iso4217.php). Separate your currency codes with a space."},{"type":"text","id":"default_currency","label":"Default currency","default":"USD"}]},{"name":"Cart","settings":[{"type":"paragraph","content":"[View the guide for these settings](https:\/\/beloria-docs.boostheme.com\/theme-settings\/cart)"},{"type":"header","content":"General settings"},{"type":"select","id":"add_cart_action","label":"Add to cart action","options":[{"value":"popup","label":"Show popup"},{"value":"redirect","label":"Go to cart page"},{"value":"redirect_checkout","label":"Go to checkout page"},{"value":"open_cart","label":"Open cart dropdown or canvas sidebar"},{"value":"notify_msg","label":"Only show the notification"},{"value":"nothing","label":"Not do anything"}],"default":"popup"},{"type":"header","content":"Header cart"},{"type":"select","id":"header_cart_layout_desktop","label":"Display content in desktop screen","options":[{"value":"dropdown","label":"Dropdown"},{"value":"sidebar","label":"Sidebar canvas"},{"value":"only_link","label":"Only link, no content"},{"value":"no_display","label":"No display"}],"default":"sidebar"},{"type":"select","id":"header_cart_layout_mobile","label":"Display content in mobile screen","options":[{"value":"dropdown","label":"Dropdown"},{"value":"sidebar","label":"Sidebar canvas"},{"value":"only_link","label":"Only link, no content"},{"value":"no_display","label":"No display"}],"default":"sidebar"},{"type":"range","id":"header_cart_truncate","label":"Truncate product name","min":0,"max":15,"step":1,"unit":"w","info":"Unit : word(w). Leave 0 to display full product name.","default":3},{"type":"header","content":"Terms and conditions"},{"type":"checkbox","id":"cart_terms_enable","label":"Enable","default":false},{"type":"url","id":"cart_terms_url","label":"Terms and conditions page"},{"type":"text","id":"cart_terms_error_msg","label":"Error message","default":"Please agree with our terms and conditions."},{"type":"header","content":"Free shipping text"},{"type":"checkbox","id":"cart_free_shipping_enable","label":"Enable","default":true},{"type":"text","id":"cart_free_shipping_goal","label":"Free shipping goal","default":"5000"},{"type":"text","id":"cart_free_shipping_goal_text","label":"Goal achieved text","default":"Congratulations! You've got free shipping.","info":"Display when cart value is greater than the goal."},{"type":"text","id":"cart_free_shipping_progress_text","label":"Progress text","default":"Only [remain_amount] away from free shipping.","info":"Display when cart value is less than the goal."},{"type":"paragraph","content":"----- Progress Bar Colors -----"},{"type":"color","id":"cart_free_bkg","label":"Background","default":"#b9b9b9"},{"type":"color","id":"cart_free_bar_color","label":"Active bar","default":"#25a71d"},{"type":"color","id":"cart_free_text_color","label":"Text","default":"#fff"}]},{"name":"Shipping Rates Calculator","settings":[{"type":"paragraph","content":"[View the guide for these settings](https:\/\/beloria-docs.boostheme.com\/theme-settings\/shipping-rates-calculator)"},{"type":"header","content":"General settings"},{"type":"select","id":"shipping_calculator","label":"Show the shipping calculator?","options":[{"value":"Disabled","label":"No"},{"value":"Enabled","label":"Yes"}],"default":"Enabled"},{"type":"text","id":"shipping_calculator_heading","label":"Heading text","default":"Get shipping estimates"},{"type":"text","id":"shipping_calculator_default_country","label":"Default country selection","default":"United States"},{"type":"paragraph","content":"If your customer is logged-in, the country in his default shipping address will be selected. If you are not sure about the  spelling to use here, refer to the first checkout page."},{"type":"text","id":"shipping_calculator_submit_button_label","label":"Submit button label","default":"Calculate shipping"},{"type":"text","id":"shipping_calculator_submit_button_label_disabled","label":"Submit button label when calculating","default":"Calculating..."},{"type":"header","content":"Error messages"},{"type":"text","id":"shipping_calculator_error_general_msg","label":"General","default":"Error : [messages].","info":"Use \"messages\" variable to display the dynamic messages."},{"type":"text","id":"shipping_calculator_error_country_support_msg","label":"Country is not supported","default":"We do not ship to this destination."}]},{"name":"Upsell products","settings":[{"type":"paragraph","content":"[View the guide for these settings](https:\/\/beloria-docs.boostheme.com\/theme-settings\/upsell-products)"},{"type":"header","content":"General settings"},{"type":"checkbox","id":"upsell_random_enable","label":"Sort random the product list","default":true},{"type":"header","content":"Visible in cart popup"},{"type":"checkbox","id":"upsell_popup_enable","label":"Enable","default":true},{"type":"range","id":"upsell_popup_limit","label":"Limit","min":5,"max":100,"step":1,"default":5},{"type":"header","content":"Visible on product page"},{"type":"checkbox","id":"upsell_product_page_enable","label":"Enable","default":true},{"type":"range","id":"upsell_product_page_limit","label":"Limit","min":5,"max":100,"step":1,"default":5},{"type":"header","content":"Visible on cart page"},{"type":"checkbox","id":"upsell_cart_page_enable","label":"Enable","default":true},{"type":"range","id":"upsell_cart_page_limit","label":"Limit","min":5,"max":100,"step":1,"default":5},{"type":"header","content":"Product item settings"},{"type":"select","id":"main_thumbnail_upsell","label":"Show main thumbnail by","options":[{"value":"product_image","label":"Featured product image"},{"value":"variant_image","label":"First available variant image"}],"default":"product_image"},{"type":"checkbox","id":"show_label_upsell","label":"Show label","default":true},{"type":"checkbox","id":"show_cart_btn_upsell","label":"Show Add to cart button","default":true},{"type":"checkbox","id":"show_qs_btn_upsell","label":"Show Quick Shop button","default":true},{"type":"checkbox","id":"show_compare_btn_upsell","label":"Show Compare button","default":true},{"type":"checkbox","id":"show_wishlist_btn_upsell","label":"Show wishlist button","default":true},{"type":"checkbox","id":"show_review_stars_upsell","label":"Show review stars","default":true},{"type":"checkbox","id":"enable_product_options_upsell","label":"Enable Product Options","default":true},{"type":"range","id":"product_name_size_upsell","label":"Product name's size","info":"Use this configuration to make product name is shorter if your product name is too long. Leave zero if you want to dislpay full product name. Unit: word(wor)","min":0,"max":30,"default":5,"step":1}]},{"name":"Cross-sell products","settings":[{"type":"paragraph","content":"The Cross-sell that identifies recommended products is based on data about products that were purchased together and products with similar descriptions. It uses this data to provide a mix of those related products as recommendations for a given product."},{"type":"paragraph","content":"[View the guide for this feature](https:\/\/beloria-docs.boostheme.com\/theme-settings\/cross-sell-products)"},{"type":"header","content":"Product page"},{"type":"checkbox","id":"cross_sell_product_page","label":"Enable","default":true},{"type":"radio","id":"cross_sell_rule","label":"Pick a rule","options":[{"value":"auto","label":"Automation"},{"value":"manual","label":"Manual"}],"default":"auto"},{"type":"select","id":"cross_sell_product_page_display","label":"Display as","options":[{"label":"Calculating widget","value":"widget"},{"label":"Carousel slider","value":"slider"}],"default":"slider"},{"type":"range","id":"cross_sell_limit_product_page","label":"Limit","default":4,"min":1,"max":12,"step":1},{"type":"header","content":"Cart page"},{"type":"checkbox","id":"cross_sell_cart_page","label":"Enable","default":true},{"type":"range","id":"cross_sell_limit_cart_page","label":"Limit","default":12,"min":1,"max":30,"step":1},{"type":"header","content":"Product carousel item settings"},{"type":"select","id":"cross_sell_main_thumbnail","label":"Show main thumbnail by","options":[{"value":"product_image","label":"Featured product image"},{"value":"variant_image","label":"First available variant image"}],"default":"product_image"},{"type":"checkbox","id":"cross_sell_show_label","label":"Show label","default":true},{"type":"checkbox","id":"cross_sell_show_cart_btn","label":"Show Add to cart button","default":true},{"type":"checkbox","id":"cross_sell_show_qs_btn","label":"Show Quick Shop button","default":true},{"type":"checkbox","id":"cross_sell_show_compare_btn","label":"Show Compare button","default":true},{"type":"checkbox","id":"cross_sell_show_wishlist_btn","label":"Show wishlist button","default":true},{"type":"checkbox","id":"cross_sell_show_review_stars","label":"Show review stars","default":true},{"type":"checkbox","id":"cross_sell_enable_product_options","label":"Enable Product Options","default":true},{"type":"range","id":"cross_sell_product_name_size","label":"Product name's size","info":"Use this configuration to make product name is shorter if your product name is too long. Leave zero if you want to dislpay full product name. Unit: word(wor)","min":0,"max":30,"default":5,"step":1}]},{"name":"Recently viewed products","settings":[{"type":"paragraph","content":"[View the guide for this feature](https:\/\/beloria-docs.boostheme.com\/theme-settings\/recently-view-products)"},{"type":"checkbox","id":"recent_view_enable","label":"Enable","default":true},{"type":"header","content":"Visible on the product page"},{"type":"checkbox","id":"recent_view_product_enable","label":"Enable","default":true},{"type":"range","id":"recent_view_product_limit","label":"Limit","min":1,"max":15,"step":1,"default":5},{"type":"paragraph","content":"Product carousel item settings"},{"type":"select","id":"recent_view_single_main_thumbnail","label":"Show main thumbnail by","options":[{"value":"product_image","label":"Featured product image"},{"value":"variant_image","label":"First available variant image"}],"default":"product_image"},{"type":"checkbox","id":"recent_view_single_show_label","label":"Show label","default":true},{"type":"checkbox","id":"recent_view_single_show_cart_btn","label":"Show Add to cart button","default":true},{"type":"checkbox","id":"recent_view_single_show_qs_btn","label":"Show Quick Shop button","default":true},{"type":"checkbox","id":"recent_view_single_show_compare_btn","label":"Show Compare button","default":true},{"type":"checkbox","id":"recent_view_single_show_wishlist_btn","label":"Show wishlist button","default":true},{"type":"checkbox","id":"recent_view_single_show_review_stars","label":"Show review stars","default":true},{"type":"checkbox","id":"recent_view_single_enable_product_options","label":"Enable Product Options","default":true},{"type":"range","id":"recent_view_single_product_name_size","label":"Product name's size","info":"Use this configuration to make product name is shorter if your product name is too long. Leave zero if you want to dislpay full product name. Unit: word(wor)","min":0,"max":30,"default":5,"step":1},{"type":"header","content":"Visible on the collection page"},{"type":"checkbox","id":"recent_view_collection_enable","label":"Enable","default":true},{"type":"range","id":"recent_view_collection_limit","label":"Limit","min":1,"max":15,"step":1,"default":3}]},{"name":"Sales notifications","settings":[{"type":"paragraph","content":"[View the guide for these settings](https:\/\/beloria-docs.boostheme.com\/theme-settings\/sales-notification)"},{"type":"header","content":"General settings"},{"type":"checkbox","id":"rp_active","label":"Activate","default":true},{"type":"collection","id":"rp_collection","label":"Pick a product collection"},{"type":"range","id":"rp_limit","label":"Limit","min":10,"max":100,"step":1,"default":10},{"type":"text","id":"rp_image_size","label":"Image Size","default":"70x"},{"type":"range","id":"rp_product_name_size","label":"Product name's size","info":"Use this configuration to make product name is shorter if your product name is too long. Leave zero if you want to dislpay full product name. Unit: word(wor)","min":0,"max":30,"default":5,"step":1},{"type":"range","id":"rp_minute_from","label":"Minute From Number","min":5,"max":20,"step":1,"default":10},{"type":"range","id":"rp_minute_to","label":"Minute To Number","min":25,"max":35,"step":1,"default":30},{"type":"range","id":"rp_interval","label":"The time to display(seconds)","min":5,"max":30,"step":1,"unit":"s","default":5},{"type":"range","id":"rp_closing_interval","label":"The waiting time to display(seconds)","min":5,"max":30,"step":1,"unit":"s","default":5},{"type":"checkbox","id":"rp_hidden_mobile","label":"Hide on mobile","default":false}]},{"name":"Newsletter","settings":[{"type":"paragraph","content":"[View the guide for these settings](https:\/\/beloria-docs.boostheme.com\/theme-settings\/newsletter)"},{"type":"header","content":"General settings"},{"type":"radio","id":"news_platform","label":"Platform","options":[{"value":"shopify","label":"Shopify"},{"value":"klaviyo","label":"Klaviyo"},{"value":"mailchimp","label":"Mailchimp"}],"default":"shopify"},{"type":"header","content":"Terms & conditions"},{"type":"paragraph","content":"Only work with Shopify platform."},{"type":"checkbox","id":"news_terms_enable","label":"Enable","default":true},{"type":"url","id":"news_terms_url","label":"Terms and conditions page"},{"type":"text","id":"news_terms_error_msg","label":"Error message","default":"Please agree with our terms and conditions."},{"type":"header","content":"klaviyo settings"},{"type":"paragraph","content":"Only affect when you choose the platform is \"Klaviyo\". You can follow [this article](https:\/\/help.klaviyo.com\/hc\/en-us\/articles\/360002035871-Install-Klaviyo-Signup-Forms) to get the embed code and paste it in the below field."},{"type":"text","id":"klaviyo_install_script","label":"The installation script"},{"type":"text","id":"news_klaviyo_code","label":"The embed code"},{"type":"header","content":"Mailchimp settings"},{"type":"paragraph","content":"Only affect when you choose the platform is \"Mailchimp\". You can follow [this article](https:\/\/mailchimp.com\/help\/add-a-signup-form-to-your-website\/) to get embed code and paste it in the below field."},{"type":"html","id":"news_mailchimp_html","label":"The embed code"},{"type":"header","content":"Popup"},{"type":"checkbox","id":"news_popup_enable","label":"Enable","default":true},{"type":"html","id":"news_text","label":"Short text"},{"type":"color","id":"news_bkg_color","label":"Background color"},{"type":"image_picker","id":"news_img_picker","label":"Image"}]},{"name":"Search suggestion","settings":[{"type":"paragraph","content":"[View the guide for these settings](https:\/\/beloria-docs.boostheme.com\/theme-settings\/search-suggestion)"},{"type":"header","content":"General settings"},{"type":"checkbox","id":"search_suggest_enable","label":"Enable","default":true},{"type":"range","id":"search_suggest_limit","label":"Limit","min":10,"max":100,"step":1,"default":10},{"type":"collection","id":"search_suggest_collection","label":"Suggestion products","info":"These products are also shown on the search result page when the user does not type the keywords."},{"type":"range","id":"search_suggest_collection_limit","label":"The limit of suggestion products","min":4,"max":100,"step":1,"default":4},{"type":"header","content":"Titles"},{"type":"text","id":"search_suggest_popup_title","label":"Popup","default":"What are you looking for?"},{"type":"text","id":"search_suggest_suggest_title","label":"Suggestion products","default":"Some suggestions for you","info":"This text is also shown on the search result page when the user does not type the keywords."},{"type":"text","id":"search_suggest_product_title","label":"Products block","default":"Products"},{"type":"text","id":"search_suggest_article_title","label":"Articles block","default":"Articles"},{"type":"text","id":"search_suggest_page_title","label":"Pages block","default":"Pages"},{"type":"header","content":"Product item settings"},{"type":"select","id":"search_suggest_main_thumbnail","label":"Show main thumbnail by","options":[{"value":"product_image","label":"Featured product image"},{"value":"variant_image","label":"First available variant image"}],"default":"product_image"},{"type":"checkbox","id":"search_suggest_show_label","label":"Show label","default":true},{"type":"checkbox","id":"search_suggest_show_cart_btn","label":"Show Add to cart button","default":true},{"type":"checkbox","id":"search_suggest_show_qs_btn","label":"Show Quick Shop button","default":true},{"type":"checkbox","id":"search_suggest_show_compare_btn","label":"Show Compare button","default":true},{"type":"checkbox","id":"search_suggest_show_wishlist_btn","label":"Show wishlist button","default":true},{"type":"checkbox","id":"search_suggest_show_review_stars","label":"Show review stars","default":true},{"type":"checkbox","id":"search_suggest_use_lazyload","label":"Use lazy loading image","default":true},{"type":"checkbox","id":"search_suggest_enable_product_options","label":"Enable Product Options","default":true},{"type":"range","id":"search_suggest_product_name_size","label":"Product name's size","info":"Use this configuration to make product name shorted if your product name is too long.Unit : word(wor). Leave zero to display full product name.","min":0,"max":30,"default":5,"step":1}]},{"name":"Promotion in the header","settings":[{"type":"paragraph","content":"[View the guide for these settings](https:\/\/beloria-docs.boostheme.com\/theme-settings\/promotion-bar)"},{"type":"header","content":"General settings"},{"type":"checkbox","id":"promo_enable","label":"Enable","default":true},{"type":"checkbox","id":"promo_wide","label":"Wide display","default":false},{"type":"header","content":"Information Item 1"},{"type":"paragraph","content":"======= Text ======="},{"type":"html","id":"promo_text","label":"Content"},{"type":"url","id":"promo_text_url","label":"The link for the content"},{"type":"checkbox","id":"promo_text_target","label":"Open link in new tab","default":false},{"type":"paragraph","content":"======= Button ======="},{"type":"checkbox","id":"promo_button_enable","label":"Enable","default":true},{"type":"text","id":"promo_button_text","label":"Text","default":"Shop now"},{"type":"url","id":"promo_button_url","label":"The link for the button"},{"type":"checkbox","id":"promo_button_target","label":"Open link in new tab","default":false},{"type":"header","content":"Information Item 2"},{"type":"paragraph","content":"======= Text ======="},{"type":"html","id":"promo_text1","label":"Content"},{"type":"url","id":"promo_text_url1","label":"The link for the content"},{"type":"checkbox","id":"promo_text_target1","label":"Open link in new tab","default":false},{"type":"paragraph","content":"======= Button ======="},{"type":"checkbox","id":"promo_button_enable1","label":"Enable","default":true},{"type":"text","id":"promo_button_text1","label":"Text","default":"Shop now"},{"type":"url","id":"promo_button_url1","label":"The link for the button"},{"type":"checkbox","id":"promo_button_target1","label":"Open link in new tab","default":false},{"type":"header","content":"Information Item 3"},{"type":"paragraph","content":"======= Text ======="},{"type":"html","id":"promo_text2","label":"Content"},{"type":"url","id":"promo_text_url2","label":"The link for the content"},{"type":"checkbox","id":"promo_text_target2","label":"Open link in new tab","default":false},{"type":"paragraph","content":"======= Button ======="},{"type":"checkbox","id":"promo_button_enable2","label":"Enable","default":true},{"type":"text","id":"promo_button_text2","label":"Text","default":"Shop now"},{"type":"url","id":"promo_button_url2","label":"The link for the button"},{"type":"checkbox","id":"promo_button_target2","label":"Open link in new tab","default":false},{"type":"header","content":"Information Item 4"},{"type":"paragraph","content":"======= Text ======="},{"type":"html","id":"promo_text3","label":"Content"},{"type":"url","id":"promo_text_url3","label":"The link for the content"},{"type":"checkbox","id":"promo_text_target3","label":"Open link in new tab","default":false},{"type":"paragraph","content":"======= Button ======="},{"type":"checkbox","id":"promo_button_enable3","label":"Enable","default":true},{"type":"text","id":"promo_button_text3","label":"Text","default":"Shop now"},{"type":"url","id":"promo_button_url3","label":"The link for the button"},{"type":"checkbox","id":"promo_button_target3","label":"Open link in new tab","default":false},{"type":"header","content":"Information Item 5"},{"type":"paragraph","content":"======= Text ======="},{"type":"html","id":"promo_text4","label":"Content"},{"type":"url","id":"promo_text_url4","label":"The link for the content"},{"type":"checkbox","id":"promo_text_target4","label":"Open link in new tab","default":false},{"type":"paragraph","content":"======= Button ======="},{"type":"checkbox","id":"promo_button_enable4","label":"Enable","default":true},{"type":"text","id":"promo_button_text4","label":"Text","default":"Shop now"},{"type":"url","id":"promo_button_url4","label":"The link for the button"},{"type":"checkbox","id":"promo_button_target4","label":"Open link in new tab","default":false},{"type":"header","content":"Color and background"},{"type":"color","id":"promo_text_color","label":"Text color","default":"#fff"},{"type":"checkbox","id":"promo_use_bkg_color","label":"Use background color","info":"Pick a color in below field","default":false},{"type":"color","id":"promo_bkg_color","label":"Background color","default":"#FDB19F"},{"type":"image_picker","id":"promo_bkg_image","label":"Background image"},{"type":"header","content":"Font sizes"},{"type":"range","id":"promo_fs_mobile","label":"In mobile","min":5,"max":30,"step":1,"unit":"px","default":14},{"type":"range","id":"promo_fs_dk","label":"In tablet and desktop","min":10,"max":50,"step":1,"unit":"px","default":14}]},{"name":"Cookie Consent","settings":[{"type":"paragraph","content":"[View the guide for these settings](https:\/\/beloria-docs.boostheme.com\/theme-settings\/cookie-consent)"},{"type":"header","content":"General settings"},{"type":"checkbox","id":"cookie_consent_enable","label":"Enable","default":true},{"type":"html","id":"cookie_consent_content","label":"Your notice text"},{"type":"color","id":"cookie_consent_bkg","label":"Background color","default":"#fff"},{"type":"color","id":"cookie_consent_color","label":"Text color","default":"#000"}]},{"name":"404 page","settings":[{"type":"image_picker","id":"bkg_404_page","label":"Background image"}]},{"name":"Preview Gift card and Password page","settings":[{"type":"header","content":"Headings and buttons"},{"type":"select","id":"type_header_family","label":"Font","default":"Google_Work+Sans_600_sans","options":[{"value":"'Avant Garde', Avantgarde, 'Century Gothic', CenturyGothic, 'AppleGothic', sans-serif","label":"Avant Garde","group":"Sans-serif"},{"value":"'Gill Sans', 'Gill Sans MT', Calibri, sans-serif","label":"Gill Sans","group":"Sans-serif"},{"value":"'HelveticaNeue', 'Helvetica Neue', Helvetica, Arial, sans-serif","label":"Helvetica Neue","group":"Sans-serif"},{"value":"Arial, 'Helvetica Neue', Helvetica, sans-serif","label":"Arial","group":"Sans-serif"},{"value":"Candara, Calibri, Segoe, 'Segoe UI', Optima, Arial, sans-serif","label":"Candara","group":"Sans-serif"},{"value":"Geneva, Tahoma, Verdana, sans-serif","label":"Geneva","group":"Sans-serif"},{"value":"Google_Droid+Sans_400_sans","label":"Droid Sans","group":"Sans-serif | Google Web Fonts"},{"value":"Google_Droid+Sans_700_sans","label":"Droid Sans Bold","group":"Sans-serif | Google Web Fonts"},{"value":"Google_Lato_400_sans","label":"Lato","group":"Sans-serif | Google Web Fonts"},{"value":"Google_Lato_700_sans","label":"Lato Bold","group":"Sans-serif | Google Web Fonts"},{"value":"Google_Montserrat_400_sans","label":"Montserrat","group":"Sans-serif | Google Web Fonts"},{"value":"Google_Montserrat_700_sans","label":"Montserrat Bold","group":"Sans-serif | Google Web Fonts"},{"value":"Google_Muli_600_sans","label":"Muli","group":"Sans-serif | Google Web Fonts"},{"value":"Google_Open+Sans_400_sans","label":"Open Sans","group":"Sans-serif | Google Web Fonts"},{"value":"Google_Open+Sans_700_sans","label":"Open Sans Bold","group":"Sans-serif | Google Web Fonts"},{"value":"Google_Oswald_400_sans","label":"Oswald","group":"Sans-serif | Google Web Fonts"},{"value":"Google_PT+Sans_400_sans","label":"PT Sans","group":"Sans-serif | Google Web Fonts"},{"value":"Google_PT+Sans_700_sans","label":"PT Sans Bold","group":"Sans-serif | Google Web Fonts"},{"value":"Google_Roboto_400_sans","label":"Roboto","group":"Sans-serif | Google Web Fonts"},{"value":"Google_Roboto_700_sans","label":"Roboto Bold","group":"Sans-serif | Google Web Fonts"},{"value":"Google_Source+Sans+Pro_400_sans","label":"Source Sans Pro","group":"Sans-serif | Google Web Fonts"},{"value":"Google_Source+Sans+Pro_700_sans","label":"Source Sans Pro Bold","group":"Sans-serif | Google Web Fonts"},{"value":"Google_Ubuntu_400_sans","label":"Ubuntu","group":"Sans-serif | Google Web Fonts"},{"value":"Google_Ubuntu_700_sans","label":"Ubuntu Bold","group":"Sans-serif | Google Web Fonts"},{"value":"Google_Work+Sans_400_sans","label":"Work Sans","group":"Sans-serif | Google Web Fonts"},{"value":"Google_Work+Sans_600_sans","label":"Work Sans Semi-Bold","group":"Sans-serif | Google Web Fonts"},{"value":"'Big Caslon', 'Book Antiqua', 'Palatino Linotype', Georgia, serif","label":"Big Caslon","group":"Serif"},{"value":"'Calisto MT', 'Bookman Old Style', Bookman, 'Goudy Old Style', Garamond, 'Hoefler Text', 'Bitstream Charter', Georgia, serif","label":"Calisto MT","group":"Serif"},{"value":"Baskerville, 'Baskerville Old Face', 'Hoefler Text', Garamond, 'Times New Roman', serif","label":"Baskerville","group":"Serif"},{"value":"Garamond, Baskerville, 'Baskerville Old Face', 'Hoefler Text', 'Times New Roman', serif","label":"Garamond","group":"Serif"},{"value":"TimesNewRoman, 'Times New Roman', Times, Baskerville, Georgia, serif","label":"Times New Roman","group":"Serif"},{"value":"Google_Arvo_400_serif","label":"Arvo","group":"Serif | Google Web Fonts"},{"value":"Google_Arvo_700_serif","label":"Arvo Bold","group":"Serif | Google Web Fonts"},{"value":"Google_Crimson+Text_400_serif","label":"Crimson Text","group":"Serif | Google Web Fonts"},{"value":"Google_Crimson+Text_700_serif","label":"Crimson Text Bold","group":"Serif | Google Web Fonts"},{"value":"Google_Droid+Serif_400_serif","label":"Droid Serif","group":"Serif | Google Web Fonts"},{"value":"Google_Droid+Serif_700_serif","label":"Droid Serif Bold","group":"Serif | Google Web Fonts"},{"value":"Google_Lora_400_serif","label":"Lora","group":"Serif | Google Web Fonts"},{"value":"Google_Lora_700_serif","label":"Lora Bold","group":"Serif | Google Web Fonts"},{"value":"Google_Old+Standard+TT_400_serif","label":"Old Standard","group":"Serif | Google Web Fonts"},{"value":"Google_Old+Standard+TT_700_serif","label":"Old Standard Bold","group":"Serif | Google Web Fonts"},{"value":"Google_PT+Serif_400_serif","label":"PT Serif","group":"Serif | Google Web Fonts"},{"value":"Google_PT+Serif_700_serif","label":"PT Serif Bold","group":"Serif | Google Web Fonts"},{"value":"Google_Vollkorn_400_serif","label":"Vollkorn","group":"Serif | Google Web Fonts"},{"value":"Google_Vollkorn_700_serif","label":"Vollkorn Bold","group":"Serif | Google Web Fonts"}]},{"type":"select","id":"type_header_base_size","label":"Heading base size","default":"26px","options":[{"value":"20px","label":"20px"},{"value":"22px","label":"22px"},{"value":"24px","label":"24px"},{"value":"26px","label":"26px"},{"value":"28px","label":"28px"},{"value":"30px","label":"30px"},{"value":"32px","label":"32px"},{"value":"34px","label":"34px"},{"value":"36px","label":"36px"}]},{"type":"header","content":"Body text"},{"type":"select","id":"type_base_family","label":"Font","default":"Google_Work+Sans_400_sans","options":[{"value":"'Avant Garde', Avantgarde, 'Century Gothic', CenturyGothic, 'AppleGothic', sans-serif","label":"Avant Garde","group":"Sans-serif"},{"value":"'Gill Sans', 'Gill Sans MT', Calibri, sans-serif","label":"Gill Sans","group":"Sans-serif"},{"value":"'HelveticaNeue', 'Helvetica Neue', Helvetica, Arial, sans-serif","label":"Helvetica Neue","group":"Sans-serif"},{"value":"Arial, 'Helvetica Neue', Helvetica, sans-serif","label":"Arial","group":"Sans-serif"},{"value":"Candara, Calibri, Segoe, 'Segoe UI', Optima, Arial, sans-serif","label":"Candara","group":"Sans-serif"},{"value":"Geneva, Tahoma, Verdana, sans-serif","label":"Geneva","group":"Sans-serif"},{"value":"Google_Droid+Sans_400_sans","label":"Droid Sans","group":"Sans-serif | Google Web Fonts"},{"value":"Google_Droid+Sans_700_sans","label":"Droid Sans Bold","group":"Sans-serif | Google Web Fonts"},{"value":"Google_Lato_400_sans","label":"Lato","group":"Sans-serif | Google Web Fonts"},{"value":"Google_Lato_700_sans","label":"Lato Bold","group":"Sans-serif | Google Web Fonts"},{"value":"Google_Montserrat_400_sans","label":"Montserrat","group":"Sans-serif | Google Web Fonts"},{"value":"Google_Montserrat_700_sans","label":"Montserrat Bold","group":"Sans-serif | Google Web Fonts"},{"value":"Google_Muli_600_sans","label":"Muli","group":"Sans-serif | Google Web Fonts"},{"value":"Google_Open+Sans_400_sans","label":"Open Sans","group":"Sans-serif | Google Web Fonts"},{"value":"Google_Open+Sans_700_sans","label":"Open Sans Bold","group":"Sans-serif | Google Web Fonts"},{"value":"Google_PT+Sans_400_sans","label":"PT Sans","group":"Sans-serif | Google Web Fonts"},{"value":"Google_PT+Sans_700_sans","label":"PT Sans Bold","group":"Sans-serif | Google Web Fonts"},{"value":"Google_Roboto_400_sans","label":"Roboto","group":"Sans-serif | Google Web Fonts"},{"value":"Google_Roboto_700_sans","label":"Roboto Bold","group":"Sans-serif | Google Web Fonts"},{"value":"Google_Source+Sans+Pro_400_sans","label":"Source Sans Pro","group":"Sans-serif | Google Web Fonts"},{"value":"Google_Source+Sans+Pro_700_sans","label":"Source Sans Pro Bold","group":"Sans-serif | Google Web Fonts"},{"value":"Google_Ubuntu_400_sans","label":"Ubuntu","group":"Sans-serif | Google Web Fonts"},{"value":"Google_Ubuntu_700_sans","label":"Ubuntu Bold","group":"Sans-serif | Google Web Fonts"},{"value":"Google_Work+Sans_400_sans","label":"Work Sans","group":"Sans-serif | Google Web Fonts"},{"value":"Google_Work+Sans_500_sans","label":"Work Sans Semi-Bold","group":"Sans-serif | Google Web Fonts"},{"value":"'Big Caslon', 'Book Antiqua', 'Palatino Linotype', Georgia, serif","label":"Big Caslon","group":"Serif"},{"value":"'Calisto MT', 'Bookman Old Style', Bookman, 'Goudy Old Style', Garamond, 'Hoefler Text', 'Bitstream Charter', Georgia, serif","label":"Calisto MT","group":"Serif"},{"value":"Baskerville, 'Baskerville Old Face', 'Hoefler Text', Garamond, 'Times New Roman', serif","label":"Baskerville","group":"Serif"},{"value":"Garamond, Baskerville, 'Baskerville Old Face', 'Hoefler Text', 'Times New Roman', serif","label":"Garamond","group":"Serif"},{"value":"Georgia, 'Hoefler Text', 'Times New Roman', serif","label":"Georgia","group":"Serif"},{"value":"TimesNewRoman, 'Times New Roman', Times, Baskerville, Georgia, serif","label":"Times New Roman","group":"Serif"},{"value":"Google_Arapey_400_serif","label":"Arapey","group":"Serif | Google Web Fonts"},{"value":"Google_Arvo_400_serif","label":"Arvo","group":"Serif | Google Web Fonts"},{"value":"Google_Arvo_700_serif","label":"Arvo Bold","group":"Serif | Google Web Fonts"},{"value":"Google_Crimson+Text_400_serif","label":"Crimson Text","group":"Serif | Google Web Fonts"},{"value":"Google_Crimson+Text_700_serif","label":"Crimson Text Bold","group":"Serif | Google Web Fonts"},{"value":"Google_Droid+Serif_400_serif","label":"Droid Serif","group":"Serif | Google Web Fonts"},{"value":"Google_Droid+Serif_700_serif","label":"Droid Serif Bold","group":"Serif | Google Web Fonts"},{"value":"Google_Lora_400_serif","label":"Lora","group":"Serif | Google Web Fonts"},{"value":"Google_Lora_700_serif","label":"Lora Bold","group":"Serif | Google Web Fonts"},{"value":"Google_PT+Serif_400_serif","label":"PT Serif","group":"Serif | Google Web Fonts"},{"value":"Google_PT+Serif_700_serif","label":"PT Serif Bold","group":"Serif | Google Web Fonts"},{"value":"Google_Vollkorn_400_serif","label":"Vollkorn","group":"Serif | Google Web Fonts"},{"value":"Google_Vollkorn_700_serif","label":"Vollkorn Bold","group":"Serif | Google Web Fonts"}]},{"type":"select","id":"type_base_size","label":"Base size","default":"16px","options":[{"value":"13px","label":"13px"},{"value":"14px","label":"14px"},{"value":"15px","label":"15px"},{"value":"16px","label":"16px"},{"value":"17px","label":"17px"},{"value":"18px","label":"18px"},{"value":"19px","label":"19px"},{"value":"20px","label":"20px"}]},{"type":"checkbox","id":"type_bold_product_titles","label":"Bold product titles"}]},{"name":"For developer","settings":[{"type":"paragraph","content":"[View the guide for these settings](https:\/\/beloria-docs.boostheme.com\/theme-settings\/for-developer)"},{"type":"checkbox","id":"load_custom_css","label":"Load your custom css","default":false,"info":"Put your custom css in assets\/custom-css.scss.liquid."}]}]