{"current":{"wide_content":true,"disable_copy":true,"lazyload_effect":true,"enable_rtl":false,"rtl_language_codes":"ar","list_collection_meta_title":"","list_collection_meta_description":"","breadcrumbs_bkg_color":"#1c1c1c","breadcrumbs_slogan":"Something different, every day.","breadcrumbs_enble_bkg":true,"breadcrumbs_bkg_image":"","breadcrumbs_text_color":"#000","breadcrumbs_slogan_blog":"Woodstock News","header_style":"style7","show_logo":true,"logo":"shopify:\/\/shop_images\/logo.png","logo_mobile":"","header_text":"FINAL CLEARANCE: Take <a href=\"#\">40% Discount<\/a> ‘Sale Must-Haves' <a href=\"#\">Click Here<\/a>","use_sticky":true,"header_wide_display":true,"header_style_mobile":"style1","mobile_nav":"main-menu","header_mobile_logo_size":"master","header_mobile_color_label":"#fff","header_mobile_bkg_label":"#d9121f","header_style1_social_enable":true,"header_style2_social_enable":true,"header_style2_categories":"","header_style3_categories":"","header_style4_social_enable":true,"header_style5_social_enable":true,"header_style6_social_enable":true,"header_style8_social_enable":true,"header_style8_text1":"Fully Stamped Products","header_style8_text2":"100% Satisfaction Guarantee","header_style9_social_enable":true,"enable_language_picker":true,"body_bkg_color":"#ffffff","color_general":"#000000","fs_general":13,"fs_rte_general":13,"fs_rte_h1":36,"fs_rte_h2":30,"fs_rte_h3":24,"fs_rte_h4":18,"fs_rte_h5":14,"fs_rte_h6":12,"color_link":"#1c1c1c","color_general_hover":"#c7020f","color_link_alternative":"#c7020f","color_general_alternative_hover":"#959595","color_nav_item_hover":"#565656","fs_dropdown_nav_top":14,"fs_dropdown_title":14,"fs_dropdown_content":13,"bkg_nav_item_dropdown":"#ffffff","color_ver_nav_bar":"#fff","color_ver_nav_bar_hover":"#cccccc","bkg_ver_nav_bar":"#353535","bkg_ver_nav":"#fff","border_ver_nav":"#ededed","color_ver_nav_item":"#111","color_ver_nav_item_hover":"#cb9400","color_header1":"#ffffff","bkg_header1":"#000000","bkg_header1_opacity":30,"fs_style1":14,"search_form_color_1":"#000","bkg_header2":"#fff","color_header_link_style2":"#606060","fs_header_link_style2":13,"color_middle_style2":"#000","fs_middle_style2":14,"color_header2":"#444","color_search_header2":"#000000","color_search_btn_header2":"#000000","fs_header2":14,"color_header3":"#000","bkg_header3":"#fff","bkg_header3_opacity":30,"color_cart_header3":"#fff","bkg_cart_header3":"#161619","fs_icons_header3":18,"fs_text_header3":14,"fs_cart_header3":12,"color_top_header4":"#16809a","color_social_header4":"#42a1b8","bkg_top_header4":"#e4f3f7","fs_top_header4":12,"color_header4":"#010101","bkg_header4":"#fff","fs_bottom_header4":14,"color_top_header5":"#ffffff","bkg_top_header5":"#000000","fs_top_header5":12,"color_header5":"#010101","bkg_header5":"#fff","fs_middle_header5":13,"color_top_header6":"#bbb","bkg_top_header6":"#161619","fs_top_header6":12,"color_middle_header6":"#000","fs_middle_header6":13,"fs_icon_header6":18,"color_cart_header6":"#fff","bkg_cart_header6":"#000","fs_cart_header6":12,"color_header6":"#000","bkg_header6":"#fff","fs_header6":14,"color_header7":"#000","bkg_header7":"#fff","color_cart_header7":"#fff","bkg_cart_header7":"#000","fs_icons_header7":18,"fs_text_header7":14,"fs_cart_header7":12,"bkg_top_header8":"#fff","color_top_header8":"#292929","fs_top_header8":12,"color_header8":"#222222","bkg_header8":"#fff","color_icons_header8":"#000","fs_middle_header8":13,"bkg_search_area_header8":"#333333","color_search_header8":"#a6a6a6","color_search_btn_header8":"#3f3f3f","bkg_search_header8":"#fff","color_icon_text_header8":"#fff","fs_ver_trigger_header8":15,"fs_search_header8":14,"bkg_header9":"#fff","border_header9":"#dedede","color_top_text_header9":"#888888","color_top_social_header9":"#181818","fs_top_header9":12,"color_header9":"#000","fs_nav_header9":13,"fs_icons_tb_header9":21,"fs_icons_dk_header9":23,"color_header10":"#e5dfd9","bkg_header10":"#000","bkg_header10_opacity":30,"color_cart_header10":"#fff","fs_top_header10":11,"fs_cart_header10":13,"fs_nav_header10":13,"color_header_mobile":"#1c1c1c","bkg_header_mobile":"#fafafa","fs_header_link_mobile":25,"color_st":"#000000","color_st_highline":"#d9121f","fs_st":38,"fs_st_mobile":30,"color_sst":"#555555","fs_sst":14,"fs_sst_mobile":14,"color_item":"#000000","fs_item":13,"color_price":"#000000","fs_price":13,"color_compare_price":"#c8c8c8","fs_compare_price":14,"swatch_border_color":"#ec0606","swatch_size":22,"item_vendor_color":"#000","item_vendor_fs":10,"color_btn_cart":"#fff","bkg_btn_cart":"#1c1c1c","color_btn_cart_hover":"#fff","bkg_btn_cart_hover":"#000000","color_btn_s1":"#ffffff","border_btn_s1":"#222222","bkg_btn_s1":"#222222","color_btn_s1_hover":"#222222","border_btn_s1_hover":"#222222","bkg_btn_s1_hover":"#ffffff","color_btn_s2":"#222222","border_btn_s2":"#000000","bkg_btn_s2":"#ffffff","color_btn_s2_hover":"#959595","border_btn_s2_hover":"#959595","bkg_btn_s2_hover":"#ffffff","color_btn_s3":"#1c1c1c","border_btn_s3":"#000000","bkg_btn_s3":"#ffffff","color_btn_s3_hover":"#000000","border_btn_s3_hover":"#000000","bkg_btn_s3_hover":"#ffffff","color_tt":"#888888","color_tt_hover":"#000000","fs_tt_mobile":13,"fs_tt":13,"bkg_sidebar_canvas":"#ffffff","product_single_vendor_color":"#222","product_single_vendor_fs":26,"product_single_color":"#222","product_single_fs_mb":17,"product_single_fs_dk":17,"buy_btn_color":"#fcfcfc","buy_btn_bkg_color":"#515151","buy_btn_border_color":"#515151","buy_btn_color_hover":"#fff","buy_btn_bkg_color_hover":"#242424","buy_btn_border_color_hover":"#6a6a6a","color_countdown":"#000","bkg_countdown":"#e8e8e8","product_page_countdown_fs":16,"color_border_qty":"#c3c3c3","fs_product_price_sale_single":20,"fs_product_price_sale_single_mobile":20,"color_discount_text_single":"#c7020f","tab_item_color_single":"#565656","tab_item_active_color_single":"#160101","fs_tab_item_single":13,"fs_tab_item_single_mobile":14,"color_footer_column_title":"#aaaaaa","fs_footer_column_title":16,"color_footer_column_content":"#cccbcb","color_footer_column_content_hover":"#959595","fs_footer_column_content":15,"footer_social_color":"#8b8b8b","footer_social_fs":13,"footer_news_color":"#8b8b8b","footer_news_bkg":"#303030","border_input":"#d6d6d6","border_input_focus":"#ec0606","blog_color_date_author":"#ffffff","blog_color_article_title":"#ffffff","topbar_stage1_color":"#707ef5","topbar_stage2_color":"#3041d2","topbar_stage3_color":"#dc1d49","topbar_stage4_color":"#c72323","topbar_stage5_color":"#ff0000","slider_btn_color":"#b4b4b4","slider_btn_hover_color":"#7d7d7d","share_facebook":true,"share_twitter":true,"share_pinterest":true,"social_twitter_link":"#","social_facebook_link":"#","social_pinterest_link":"","social_instagram_link":"","social_tumblr_link":"","social_snapchat_link":"","social_youtube_link":"","social_vimeo_link":"#","favicon":"shopify:\/\/shop_images\/favicon.png","badge_enable":true,"badge_pos":"down","badge_bkg_color":"#000","badge_text_color":"#fff","enable_quickview":true,"dropdown_options":"","thumbnail_ratio":"auto","pre_order_enable":true,"enable_wishlist":true,"wishlist_main_thumbnail":"product_image","wishlist_show_label":true,"wishlist_show_cart_btn":true,"wishlist_show_qs_btn":true,"wishlist_show_compare_btn":true,"wishlist_show_review_stars":true,"wishlist_enable_product_options":true,"wishlist_product_name_size":5,"enable_compare":true,"compare_truncate":0,"enable_countdown_all":false,"countdown_expression":"2020\/05\/01 05:30:00","enable_review":true,"review_app":"product_review","yotpo_app_key":"aupvaOhFAFM59YvNhpqplt6RFzxGxuTDYCh9r3Ms","cs_swatch_type":"custom","cs_tag_1":"Black,Sort,Schwarz,Negro,Noir,Nero,黒,Zwart,Preto","cs_code_1":"#000000","cs_custom_1":"","cs_tag_2":"Pink,Lyserød,Rosa,Rosado,ピンク,Roze","cs_code_2":"#e5176f","cs_custom_2":"","cs_tag_3":"White,Hvid,Weiß,Blanco,Blanc,Bianca,白い,Wit,Branco","cs_code_3":"#ffffff","cs_custom_3":"","cs_tag_4":"brown,Brun,braun,marrón,marron,Marrone,褐色,bruin,castanho","cs_code_4":"#8d6645","cs_custom_4":"","cs_tag_5":"dark-blue,mørkeblå,Dunkelblau,azul-oscuro,bleu-foncé,blu-scuro,濃紺,donkerblauw,azul-escuro","cs_code_5":"#0000a0","cs_custom_5":"","cs_tag_6":"red,vermelho,vermelha,rood,赤,rosso,rossa,rouge,rojo,roja,rot,rød","cs_code_6":"#ff0000","cs_custom_6":"","cs_tag_7":"white-blue,hvid-blå,weiß-Blau,blanco-azul,blanc-bleu,bianco-blu,白青,wit-Blauw,Branco-azul","cs_code_7":"#add8e6","cs_custom_7":"","cs_tag_8":"light-blue,azul-claro,lichtblauw,ライトブルー,azzurro,bleu-clair,azul-claro,hellblau,lyseblå","cs_code_8":"#b3b3ff","cs_custom_8":"","cs_tag_9":"blue,blå,Blau,azul,bleu,blu,青い,blauw","cs_code_9":"#0000ff","cs_custom_9":"","cs_tag_10":"turquoise,turkis,Türkis,turquesa,turchese,ターコイズ,turkoois,turquês,turquesa","cs_code_10":"#40e0d0","cs_custom_10":"","cs_tag_11":"purple,roxo,roxa,Purper,紫の,viola,violet,violette,púrpura,lila,lilla","cs_code_11":"#bf00ff","cs_custom_11":"","cs_tag_12":"blue-white,blå-hvid,Blau-Weiss,azul-blanco,bleu-blanc,blu-bianco,青白,blauw-Wit,Branco-azulado","cs_code_12":"#cce6ff","cs_custom_12":"","cs_tag_13":"red-blue,vermelho-azul,rood-blauw,赤青,rouge-Bleu,Rosso-blu,rojo-azul,rot-blau,rød-blå","cs_code_13":"#cc4f7b","cs_custom_13":"","cs_tag_14":"light-brown,lysebrun,Hellbraun,marrón-claro,brun-clair,Marrone-chiaro,ライト・ブラウン,lichtbruin,marrom-claro","cs_code_14":"#ffddcc","cs_custom_14":"","cs_tag_15":"orange,laranja,oranje,オレンジ,arancia,Orange,naranja","cs_code_15":"#ff9900","cs_custom_15":"","cs_tag_16":"yellow,gul,Gelb,amarillo,Jaune,giallo,黄,geel,amarelo","cs_code_16":"#ffff00","cs_custom_16":"","cs_tag_17":"white-gray,hvidgrå,weiß-grau,gris-blanco,blanc-gris,bianco-grigio,ホワイトグレー,wit-grijs,cinza-branco","cs_code_17":"#d9b38c","cs_custom_17":"","cs_tag_18":"brown-red,vermelho-acastanhado,bruin-rood,marrone-rosso,ブラウンレッド,brun-rouge,rojo-marrón,rotbraun,brun-rød","cs_code_18":"#993333","cs_custom_18":"","cs_tag_19":"dark-red,mørkerød,Dunkelrot,rojo-oscuro,rouge-foncé,rosso-scuro,暗赤色,donkerrood,vermelho-escuro","cs_code_19":"#661a00","cs_custom_19":"","cs_tag_20":"gold,ouro,goud,ゴールド,oro,or,guld","cs_code_20":"#ffd700","cs_custom_20":"","cs_tag_21":"Silver,sølv,Silber,plata,argent,argento,銀,zilver,prata","cs_code_21":"#c0c0c0","cs_custom_21":"","cs_tag_22":"rose-gold,steg-guld,Roségold,oro-rosa,or-rose,ローズゴールド,rose-goud,Rosa-ouro","cs_code_22":"#fcf2bc","cs_custom_22":"","cs_tag_23":"black-silver,prata-negra,zwart-zilver,黒い銀,argento-nero,Noir-argent,plata-negra,schwarzes-Silber,sort-sølv","cs_code_23":"#b8b1b1","cs_custom_23":"","cs_tag_24":"grey,gray,grå,grau,gris,Gris,grigio,グレー,grijs,cinzento","cs_code_24":"#808080","cs_custom_24":"","cs_tag_25":"green,grøn,Grün,verde,vert,verte,verde,緑,groen,verde","cs_code_25":"#008000","cs_custom_25":"","cs_tag_26":"deep-navy,dyb-marine,tiefe-Marine,Marina-de-guerra-profunda,marine-profonde,blu-scuro,ディープネイビー,diepe-marine,marinha-profunda","cs_code_26":"#000080","cs_custom_26":"","cs_tag_27":"silver-grey,sølvgrå,Silber-Grau,Gris-plateado,Gris-Argenté,grigio-argento,シルバーグレイ,zilver-grijs,cinza-prateado","cs_code_27":"#dddee2","cs_custom_27":"","cs_tag_28":"","cs_code_28":"","cs_custom_28":"","cs_tag_29":"","cs_code_29":"","cs_custom_29":"","cs_tag_30":"","cs_code_30":"","cs_custom_30":"","new_active":true,"new_type":"text","new_text":"New","new_color":"#ffffff","new_bkgcolor":"#d9121f","best_active":true,"best_type":"text","best_text":"Best Selling","best_color":"#ffffff","best_bkgcolor":"#d9121f","trend_active":true,"trend_type":"text","trend_text":"Trending","trend_color":"#ffffff","trend_bkgcolor":"#d9121f","sale_active":true,"sale_type":"text","sale_text":"[percent]","sale_color":"#ffffff","sale_bkgcolor":"#d9121f","currency_format":"money_format","show_multiple_currencies":true,"currency_converter_engine":"shopify","enable_currency_auto":true,"supported_currencies":"INR GBP CAD USD AUD EUR JPY VND","default_currency":"USD","add_cart_action":"open_cart","header_cart_layout_desktop":"dropdown","header_cart_layout_mobile":"sidebar","header_cart_truncate":4,"cart_terms_enable":true,"cart_terms_url":"shopify:\/\/pages\/faq","cart_terms_error_msg":"Please agree with our terms and conditions.","cart_free_shipping_enable":true,"cart_free_shipping_goal":"100","cart_free_shipping_goal_text":"Congratulations! You've got free shipping.","cart_free_shipping_progress_text":"Only [remain_amount] away from free shipping.","cart_free_bkg":"#b9b9b9","cart_free_bar_color":"#25a71d","cart_free_text_color":"#fff","shipping_calculator":"Enabled","shipping_calculator_heading":"Get shipping estimates","shipping_calculator_default_country":"United States","shipping_calculator_submit_button_label":"Calculate shipping","shipping_calculator_submit_button_label_disabled":"Calculating...","shipping_calculator_error_general_msg":"Error : [messages].","shipping_calculator_error_country_support_msg":"We do not ship to this destination.","upsell_random_enable":false,"upsell_popup_enable":true,"upsell_popup_limit":5,"upsell_product_page_enable":true,"upsell_product_page_limit":5,"upsell_cart_page_enable":false,"upsell_cart_page_limit":5,"main_thumbnail_upsell":"variant_image","show_label_upsell":true,"show_cart_btn_upsell":true,"show_qs_btn_upsell":true,"show_compare_btn_upsell":true,"show_wishlist_btn_upsell":true,"show_review_stars_upsell":true,"enable_product_options_upsell":false,"product_name_size_upsell":5,"cross_sell_product_page":true,"cross_sell_rule":"auto","cross_sell_product_page_display":"widget","cross_sell_limit_product_page":4,"cross_sell_cart_page":true,"cross_sell_limit_cart_page":12,"cross_sell_main_thumbnail":"product_image","cross_sell_show_label":true,"cross_sell_show_cart_btn":true,"cross_sell_show_qs_btn":true,"cross_sell_show_compare_btn":true,"cross_sell_show_wishlist_btn":true,"cross_sell_show_review_stars":true,"cross_sell_enable_product_options":false,"cross_sell_product_name_size":5,"recent_view_enable":true,"recent_view_product_enable":true,"recent_view_product_limit":5,"recent_view_single_main_thumbnail":"product_image","recent_view_single_show_label":true,"recent_view_single_show_cart_btn":true,"recent_view_single_show_qs_btn":true,"recent_view_single_show_compare_btn":true,"recent_view_single_show_wishlist_btn":true,"recent_view_single_show_review_stars":true,"recent_view_single_enable_product_options":true,"recent_view_single_product_name_size":5,"recent_view_collection_enable":true,"recent_view_collection_limit":4,"rp_active":true,"rp_collection":"accessories","rp_limit":10,"rp_image_size":"70x","rp_product_name_size":5,"rp_minute_from":10,"rp_minute_to":30,"rp_interval":5,"rp_closing_interval":5,"rp_hidden_mobile":false,"news_platform":"shopify","news_terms_enable":true,"news_terms_url":"","news_terms_error_msg":"Please agree with our terms and conditions.","news_klaviyo_code":"","news_mailchimp_html":"","news_popup_enable":true,"news_text":"Don’t miss new features","news_bkg_color":"#ffffff","news_img_picker":"shopify:\/\/shop_images\/3_ce61be03-801c-4b29-934e-1a6a4359e3f2.jpg","search_suggest_enable":true,"search_suggest_limit":10,"search_suggest_popup_title":"What are you looking for?","search_suggest_product_title":"Products","search_suggest_article_title":"Articles","search_suggest_page_title":"Pages","search_suggest_main_thumbnail":"product_image","search_suggest_show_label":true,"search_suggest_show_cart_btn":true,"search_suggest_show_qs_btn":true,"search_suggest_show_compare_btn":true,"search_suggest_show_wishlist_btn":true,"search_suggest_show_review_stars":true,"search_suggest_use_lazyload":true,"search_suggest_enable_product_options":true,"search_suggest_product_name_size":5,"promo_enable":true,"promo_wide":false,"promo_text":"Hurry up - OFF 50% only this week","promo_text_url":"","promo_text_target":false,"promo_button_enable":true,"promo_button_text":"Shop now","promo_button_url":"","promo_button_target":false,"promo_text_color":"#fff","promo_use_bkg_color":true,"promo_bkg_color":"#111111","promo_bkg_image":"","promo_fs_mobile":14,"promo_fs_dk":14,"cookie_consent_enable":false,"cookie_consent_content":"We use cookies to give you the best possible service while using our website, please click accept and carry on browsing if you're happy with this. For more information see our Privacy Policy.","cookie_consent_bkg":"#222222","cookie_consent_color":"#ffffff","bkg_404_page":"","type_header_family":"Google_Work+Sans_600_sans","type_header_base_size":"26px","type_base_family":"Google_Work+Sans_400_sans","type_base_size":"16px","type_bold_product_titles":false,"load_custom_css":false,"checkout_header_image":"","checkout_logo_image":"","checkout_logo_position":"left","checkout_logo_size":"medium","checkout_body_background_image":"","checkout_body_background_color":"#fff","checkout_input_background_color_mode":"white","checkout_sidebar_background_image":"","checkout_sidebar_background_color":"#fafafa","checkout_heading_font":"-apple-system, BlinkMacSystemFont, 'Segoe UI', Roboto, Helvetica, Arial, sans-serif, 'Apple Color Emoji', 'Segoe UI Emoji', 'Segoe UI Symbol'","checkout_body_font":"-apple-system, BlinkMacSystemFont, 'Segoe UI', Roboto, Helvetica, Arial, sans-serif, 'Apple Color Emoji', 'Segoe UI Emoji', 'Segoe UI Symbol'","checkout_accent_color":"#197bbd","checkout_button_color":"#197bbd","checkout_error_color":"#e32c2b","font_url":"https:\/\/fonts.googleapis.com\/css2?family=Muli:wght@300;400;600&display=swap","font_general":"'Muli', sans-serif;","font_second":"'FuturaBT', sans-serif","load_futura_font":true,"header_style1_logo_size":"master","header_style2_logo_size":"master","header_style3_logo_size":"master","header_style4_logo_size":"master","header_style5_logo_size":"master","header_style6_logo_size":"master","header_style7_logo_size":"master","header_style8_logo_size":"master","header_style9_logo_size":"master","header_style10_logo_size":"87x","contact_info_icon_color":"#729ab2","contact_info_icon_color_hover":"#eb0b0b","contact_info_label_color":"#000","contact_info_value_color":"#7c7e82","share_image":"","pwa_enable":true,"pwa_name":"BT Beloria","pwa_short_name":"Beloria","pwa_icon":"shopify:\/\/shop_images\/pwa-icon_c34b0793-0284-4a89-86bf-de155e316702.png","pwa_display":"standalone","pwa_background_color":"#fafafa","pwa_theme_color":"#1f1f1f","production_mode":true,"limit_search":9,"item_size_search_product":"medium","item_size_search_article":"list","enable_infinity_loading_search":true,"infinity_action_search":"scroll","main_thumbnail_search":"product_image","show_label_search":true,"show_cart_btn_search":true,"show_qs_btn_search":true,"show_compare_btn_search":true,"show_wishlist_btn_search":true,"show_review_stars_search":true,"use_lazyload_search":true,"enable_product_options_search":true,"product_name_size_search":5,"blog_show_author_search":true,"blog_show_date_search":true,"enale_rtl":false,"news_klaviyo_key":"","color_search_header9":"#292929","bkg_search_header9":"#f1f1f1","fs_search_header2":14,"bkg_footer_enable":true,"bkg_footer":"#161619","footer_social_bkg_color":"#161619","item_size_search":"large","image_size_search":"400x","bkg_item_bottom":"rgba(0,0,0,0)","enable_product_group_images":true,"group_option_name":"color","bkg_header6_opacity":30,"search_suggest_product_title_enable":true,"search_suggest_product_price_enable":true,"header_style8_email":"support@boostheme.com","fs_categories_header3":15,"fs_search_header3":13,"color_icons_header4":"#000000","color_middle_header5":"#000","cross_sell_limit":"10","enable_small_images_search":false,"small_image_size_search":"large","tab_bkg_single":"rgba(0,0,0,0)","tab_border_item_single":"#c3c3c3","tab_bkg_active_item_single":"#ededed","product_page_countdown_bkg_enable":true,"product_page_countdown_bkg":"rgba(0,0,0,0)","bg_qty":"#d3d3d3","color_nav_link":"#9f9f9f","breadcrumbs_collection_enable":true,"breadcrumbs_collection_image_1":"","breadcrumbs_collection_1":"","breadcrumbs_collection_image_2":"","breadcrumbs_collection_2":"","breadcrumbs_collection_image_3":"","breadcrumbs_collection_3":"","breadcrumbs_collection_image_4":"","breadcrumbs_collection_4":"","border_btn_cart":"#1c1c1c","border_tab":"#ddd","color_tt_mobile":"#999","color_tt_hover_mobile":"#cb9400","header4_hotline":"1234567890","header4_help_link":"#","header4_tracking_link":"#","show_media_btn_upsell":true,"cross_sell_show_media_btn":true,"show_media_btn_search":true,"enable_shopify_ar":true,"cross_sell_small_image_size":"large","bkg_tab_title":"rgba(0,0,0,0)","bkg_tab_title_hover":"#cb9400","line_color_header6":"#fff","search_form_color_6":"#000000","fs_header_link6":21,"header4_contact_link":"#","fs_tracking_link_style4":15,"breadcrumb_bkg_color":"#fafafa","color_cart_number":"#fff","bkg_cart_number":"#d9121f","bkg_product_single":"#d6f3ee","addthis_profile_id":"ra-5b95f20e2137f38f","enable_currency_converter":true,"cart_terms_label":"I agree with the terms and conditions.","enable_small_images_upsell":true,"small_image_size_upsell":"large","news_heading":"Subscribe now!","promo_text_1":"WELCOME TO JOE SHOP!!!","promo_url_1":"shopify:\/\/collections","promo_target_1":true,"promo_text_2":"Support 24\/7. Hotline: 777777777","promo_url_2":"","promo_target_2":false,"promo_text_3":"INTERNATIONAL ORDERS OVER $60","promo_url_3":"","promo_target_3":false,"promo_text_4":"FREE SHIPPING ALL THE WORLD!","promo_url_4":"","promo_target_4":false,"promo_text_5":"BUY NOW","promo_url_5":"shopify:\/\/collections","promo_target_5":true,"cookie_consent_url":"shopify:\/\/blogs\/news","cookie_consent_heading":"Important Cookie Information","show_wishlist_search":true,"product_page_countdown_border":"#f00","show_wishlist_upsell":true,"color_nav_item":"#000","new_text_trans":"","best_text_trans":"","trend_text_trans":"","sale_text_trans":"","color_header":"#222","bkg_header":"#fff","fs_header_link":21,"color_hover":"#d9121f","body_bkg_img":"","color_header_bar":"#000","fs_header_bar":39,"fm_general":"\"Poppins\", sans-serif","checkout_use_storefront_logo":false,"search_type":"product","color_text":"#3d4246","color_body_text":"#788188","color_sale_text":"#7796a8","color_borders":"#e8e9eb","color_button":"#7796a8","color_button_text":"#fff","color_small_button":"#fff","color_small_button_text":"#3d4246","color_text_field":"#fff","color_text_field_text":"#000","color_image_overlay_text":"#fff","color_image_overlay":"#3d4246","image_overlay_opacity":25,"color_body_bg":"#fff","logo_size":"127x","sections":{"footer":{"type":"footer","blocks":{"1586083066556":{"type":"footer-line","settings":{"color":"#2e2e30","hide_line":true,"full_width":false,"gutter_top_dk":0,"gutter_bottom_dk":0,"gutter_top_mb":0,"gutter_bottom_mb":0,"enable_bkg":false,"bkg_color":""}},"3cdd7340-071b-4b8f-80e1-c357c31b79be":{"type":"link-list","settings":{"title":"","text_align":"left","text_align_mobile":"center","col_width_desktop":3,"col_width_mobile":6,"gutter_top_dk":false,"gutter_bottom_dk":false,"gutter_top_mb":false,"gutter_bottom_mb":false,"link_list":"","inline":false,"font_size":12}},"1584173648899":{"type":"newsletter","settings":{"title":"Newsletter Sign up","text_align":"center","text_align_mobile":"center","display_one_line":false,"col_width_desktop":6,"col_width_mobile":12,"gutter_top_dk":true,"gutter_bottom_dk":true,"gutter_top_mb":false,"gutter_bottom_mb":true,"logo_size":"master","enable_blog":false,"blog":"","limit":3,"enable_newsletter":true,"title_newsletter":"","enable_social":true,"show_network_name":true,"enable_rss":false}},"a74078b0-0d78-41a7-a1fc-4d1699827c26":{"type":"link-list","settings":{"title":"","text_align":"left","text_align_mobile":"center","col_width_desktop":3,"col_width_mobile":6,"gutter_top_dk":false,"gutter_bottom_dk":false,"gutter_top_mb":false,"gutter_bottom_mb":false,"link_list":"","inline":false,"font_size":12}},"1584174060164":{"type":"footer-line","settings":{"color":"#2e2e30","hide_line":false,"full_width":false,"gutter_top_dk":50,"gutter_bottom_dk":55,"gutter_top_mb":20,"gutter_bottom_mb":20,"enable_bkg":false,"bkg_color":""}},"1532967327727":{"type":"text-social","settings":{"title":"","text_align":"left","text_align_mobile":"left","col_width_desktop":4,"col_width_mobile":12,"gutter_top_dk":true,"gutter_bottom_dk":true,"gutter_top_mb":true,"gutter_bottom_mb":true,"logo":"shopify:\/\/shop_images\/logo_b037397d-32c9-4362-ac4c-b547858c21c6.png","logo_size":"master","enable_text":true,"text":"<br><strong>Phone: <\/strong>(+2) 1800 555 2020\n<br><br>\n<strong>Address: <\/strong>A-305, Liverpool Marine, Streat 490\nManchester, XN 9870, Canada\n<br><br>\n<strong>Email:<\/strong> support@boostheme.com","text_color":"#ffffff","text_fs":13,"enable_social":false,"show_network_name":false,"enable_rss":false}},"1569288246823":{"type":"link-list","settings":{"title":"Quick Links","text_align":"left","text_align_mobile":"left","col_width_desktop":2,"col_width_mobile":6,"gutter_top_dk":false,"gutter_bottom_dk":false,"gutter_top_mb":true,"gutter_bottom_mb":true,"link_list":"footer","inline":false,"font_size":13}},"1569288271101":{"type":"link-list","settings":{"title":"Get Information","text_align":"left","text_align_mobile":"left","col_width_desktop":2,"col_width_mobile":6,"gutter_top_dk":false,"gutter_bottom_dk":false,"gutter_top_mb":true,"gutter_bottom_mb":true,"link_list":"footer-menu-2","inline":false,"font_size":13}},"1584174247627":{"type":"link-list","settings":{"title":"For Customer","text_align":"left","text_align_mobile":"left","col_width_desktop":2,"col_width_mobile":6,"gutter_top_dk":false,"gutter_bottom_dk":false,"gutter_top_mb":false,"gutter_bottom_mb":false,"link_list":"footer-menu-3","inline":false,"font_size":13}},"1592126631501":{"type":"link-list","settings":{"title":"Top Brands","text_align":"left","text_align_mobile":"left","col_width_desktop":2,"col_width_mobile":6,"gutter_top_dk":false,"gutter_bottom_dk":false,"gutter_top_mb":false,"gutter_bottom_mb":false,"link_list":"all-collections","inline":false,"font_size":12}},"1575195482960":{"type":"footer-line","settings":{"color":"#4e4e4e","hide_line":false,"full_width":false,"gutter_top_dk":55,"gutter_bottom_dk":30,"gutter_top_mb":30,"gutter_bottom_mb":10,"enable_bkg":false,"bkg_color":""}},"1581479796216":{"type":"text-social","settings":{"title":"","text_align":"left","text_align_mobile":"left","col_width_desktop":6,"col_width_mobile":12,"gutter_top_dk":true,"gutter_bottom_dk":true,"gutter_top_mb":true,"gutter_bottom_mb":true,"logo_size":"master","enable_text":true,"text":"© 2020 Vodoma by Boostheme. All rights reserved.","text_color":"#ffffff","text_fs":12,"enable_social":false,"show_network_name":false,"enable_rss":false}},"1584174452050":{"type":"text-social","settings":{"title":"","text_align":"right","text_align_mobile":"left","col_width_desktop":6,"col_width_mobile":12,"gutter_top_dk":false,"gutter_bottom_dk":false,"gutter_top_mb":false,"gutter_bottom_mb":false,"logo":"shopify:\/\/shop_images\/payment.png","logo_size":"master","enable_text":false,"text":"","text_color":"#999999","text_fs":12,"enable_social":false,"show_network_name":false,"enable_rss":false}},"1581479949761":{"type":"footer-line","settings":{"color":"#363636","hide_line":true,"full_width":false,"gutter_top_dk":10,"gutter_bottom_dk":0,"gutter_top_mb":10,"gutter_bottom_mb":0,"enable_bkg":false,"bkg_color":""}}},"block_order":["1586083066556","3cdd7340-071b-4b8f-80e1-c357c31b79be","1584173648899","a74078b0-0d78-41a7-a1fc-4d1699827c26","1584174060164","1532967327727","1569288246823","1569288271101","1584174247627","1592126631501","1575195482960","1581479796216","1584174452050","1581479949761"],"settings":{"bkg_enable":true,"section_bkg":"#161619","copyright":"","footer_link":"","gutter_top":"home","wide_display":false}},"collection-template":{"type":"collection-template","blocks":{"1537615218167":{"type":"filter-item-category","settings":{"enable":true,"title":"Categories","data_source":"collection_tree","category":"","default_expand":"expand"}},"1566958584624":{"type":"filter-item-price","settings":{"enable":true,"title":"Price","group_tag":"under $500,$500 - $1000,$1000 - $1500,$1500 - $2000,over $2000","default_expand":"expand"}},"1537613914372":{"type":"filter-item-swatch","settings":{"enable":true,"title":"Color","default_expand":"expand","auto_filter_option_name":"Color"}},"1564641643510":{"type":"filter-item-checkbox","settings":{"enable":true,"title":"Size","group_tag":"L,M,S, XL,8,10,12,14,16","default_expand":"expand","auto_filter_option_name":"size"}},"3bcf35ae-83e9-4e52-b8be-10b1abdb8d14":{"type":"filter-item-product-type","settings":{"enable":true,"title":"Type","default_expand":"expand"}},"7a4a1b4b-7e37-4290-8e2b-c00e559ee5f4":{"type":"filter-item-product-brand","settings":{"enable":true,"title":"Brand","default_expand":"expand"}},"7115fa94-cb61-400d-b056-0994cb6a1b64":{"type":"filter-item-ratings","settings":{"enable":true,"title":"Average rating","default_expand":"expand","min_rating":3}}},"block_order":["1537615218167","1566958584624","1537613914372","1564641643510","3bcf35ae-83e9-4e52-b8be-10b1abdb8d14","7a4a1b4b-7e37-4290-8e2b-c00e559ee5f4","7115fa94-cb61-400d-b056-0994cb6a1b64"],"settings":{"limit":12,"show_collection_image":false,"hide_collection_image_mobile":true,"use_one_layout":false,"default_layout":"left_sidebar","toolbar_enable":true,"sort_enable":true,"enable_infinity_loading":true,"infinity_action":"click","tags_enable":true,"enable_auto_filter":true,"checkboxes_format":"square","item_size":"medium","main_thumbnail":"product_image","show_label":true,"show_cart_btn":true,"show_qs_btn":true,"show_compare_btn":true,"show_wishlist_btn":true,"show_review_stars":true,"use_lazyload":true,"enable_product_options":true,"show_countdown_timer":true,"show_vendor":false,"product_name_size":5}},"navigation":{"type":"navigation","blocks":{"1532835301865":{"type":"menu_item_parent","settings":{"title":"Parent - Home","name":"Home","link":"\/","drop_width":1200,"icon":"","color_extend":true,"color":"#000000","bkg_color_dropdown_extend":true,"bkg_color_dropdown":"#000000","label":"","color_label":"#d9121f","bkg_label":"#d9121f","parent_custom_class":""}},"1533005963336":{"type":"menu_subitem_link_list","settings":{"title":"--- Col1","name":"20+ demos","align_title":"left","position_title":"top","color_dropdown_title_extend":true,"color_dropdown_title":"#000000","link_list":"home-styles","color_link_list_extend":true,"color_link_list":"#565656","col_width":"3","align_link_list":"left","horizontal_inside_gutter":15,"vertical_inside_gutter":15,"no_gutter_left":false,"no_gutter_right":false,"no_gutter_all":false,"bkg_enable":true,"bkg_color":"#ededed","bkg_layout":"outside","bkg_position":"right center","bkg_no_repeat":true,"use_external_bkg":false,"external_bkg_url":"","color_label_extend":true,"color_label":"#d9121f","bkg_label":"#d9121f","custom_class":""}},"1594971899597":{"type":"menu_subitem_link_list","settings":{"title":"---Col2","name":"&nbsp;","align_title":"center","position_title":"top","color_dropdown_title_extend":true,"color_dropdown_title":"#000000","link_list":"home-style-2","color_link_list_extend":true,"color_link_list":"#000000","col_width":"3","align_link_list":"left","horizontal_inside_gutter":15,"vertical_inside_gutter":15,"no_gutter_left":false,"no_gutter_right":false,"no_gutter_all":false,"bkg_enable":false,"bkg_color":"","bkg_layout":"inside","bkg_position":"right bottom","bkg_no_repeat":true,"use_external_bkg":false,"external_bkg_url":"","color_label_extend":true,"color_label":"#ffffff","bkg_label":"#d9121f","custom_class":""}},"1594971896529":{"type":"menu_subitem_link_list","settings":{"title":"---Col3","name":"&nbsp;","align_title":"center","position_title":"top","color_dropdown_title_extend":true,"color_dropdown_title":"#000000","link_list":"home-style-3","color_link_list_extend":true,"color_link_list":"#000000","col_width":"3","align_link_list":"left","horizontal_inside_gutter":15,"vertical_inside_gutter":15,"no_gutter_left":false,"no_gutter_right":false,"no_gutter_all":false,"bkg_enable":true,"bkg_color":"#ededed","bkg_layout":"outside","bkg_position":"right bottom","bkg_no_repeat":true,"use_external_bkg":false,"external_bkg_url":"","color_label_extend":true,"color_label":"#ffffff","bkg_label":"#d9121f","custom_class":""}},"782a84ba-d2f1-4468-88ad-dc4cdc20243f":{"type":"menu_subitem_link_list","settings":{"title":"---Col4","name":"&nbsp;","align_title":"center","position_title":"top","color_dropdown_title_extend":true,"color_dropdown_title":"#000000","link_list":"home-styles-4","color_link_list_extend":true,"color_link_list":"#000000","col_width":"3","align_link_list":"left","horizontal_inside_gutter":15,"vertical_inside_gutter":15,"no_gutter_left":false,"no_gutter_right":false,"no_gutter_all":false,"bkg_enable":false,"bkg_color":"rgba(0,0,0,0)","bkg_layout":"inside","bkg_position":"right bottom","bkg_no_repeat":true,"use_external_bkg":false,"external_bkg_url":"","color_label_extend":true,"color_label":"#ffffff","bkg_label":"#d9121f","custom_class":""}},"1594971903380":{"type":"menu_subitem_clearfix","settings":{"title":"","height":1,"no_gutter_left":false,"no_gutter_right":false,"no_gutter_all":true,"enable_bkg":true,"bkg_color":"#ededed"}},"1594971906482":{"type":"menu_subitem_image","settings":{"title":"","name":"","align_title":"center","position_title":"top","color_dropdown_title_extend":true,"color_dropdown_title":"#000000","image":"shopify:\/\/shop_images\/Nav3-brand_2e8f9ecb-ee40-4942-a378-b8cf71beef84.png","image_size":"master","image_link":"shopify:\/\/collections\/accessories","image_new_tab":false,"col_width":"12","horizontal_inside_gutter":0,"vertical_inside_gutter":0,"no_gutter_left":false,"no_gutter_right":false,"no_gutter_all":false,"bkg_enable":false,"bkg_color":"","bkg_layout":"inside","bkg_position":"right bottom","bkg_no_repeat":true,"custom_class":""}},"1532918490517":{"type":"menu_item_parent","settings":{"title":"Parent - Products","name":"Products","link":"shopify:\/\/collections\/lingeries","drop_width":1200,"icon":"","color_extend":false,"color":"#d9121f","bkg_color_dropdown_extend":true,"bkg_color_dropdown":"#000000","label":"New","color_label":"#ffffff","bkg_label":"#707ef5","parent_custom_class":""}},"1564199304110":{"type":"menu_subitem_link_list","settings":{"title":"---Col1","name":"","align_title":"left","position_title":"top","color_dropdown_title_extend":false,"color_dropdown_title":"#000000","link_list":"","color_link_list_extend":false,"color_link_list":"#000000","col_width":"1","align_link_list":"left","horizontal_inside_gutter":0,"vertical_inside_gutter":0,"no_gutter_left":false,"no_gutter_right":false,"no_gutter_all":false,"bkg_enable":false,"bkg_color":"","bkg_layout":"inside","bkg_position":"right bottom","bkg_no_repeat":true,"use_external_bkg":false,"external_bkg_url":"","color_label_extend":true,"color_label":"#ffffff","bkg_label":"#d9121f","custom_class":""}},"1581404769138":{"type":"menu_subitem_image","settings":{"title":"---Col2","name":"","align_title":"left","position_title":"top","color_dropdown_title_extend":false,"color_dropdown_title":"#5a0bff","image":"shopify:\/\/shop_images\/bkg_submenu1.jpg","image_size":"master","image_link":"shopify:\/\/collections\/handbag","image_new_tab":true,"col_width":"3","horizontal_inside_gutter":0,"vertical_inside_gutter":0,"no_gutter_left":false,"no_gutter_right":false,"no_gutter_all":false,"bkg_enable":false,"bkg_color":"","bkg_layout":"inside","bkg_position":"right bottom","bkg_no_repeat":true,"custom_class":""}},"1564641384464":{"type":"menu_subitem_link_list","settings":{"title":"---Col3","name":"by types","align_title":"left","position_title":"top","color_dropdown_title_extend":false,"color_dropdown_title":"#000000","link_list":"product-types","color_link_list_extend":false,"color_link_list":"#000000","col_width":"2","align_link_list":"left","horizontal_inside_gutter":0,"vertical_inside_gutter":0,"no_gutter_left":false,"no_gutter_right":false,"no_gutter_all":false,"bkg_enable":false,"bkg_color":"","bkg_layout":"inside","bkg_position":"right bottom","bkg_no_repeat":true,"use_external_bkg":false,"external_bkg_url":"","color_label_extend":false,"color_label":"#ffffff","bkg_label":"#e9aa00","custom_class":""}},"1564199340435":{"type":"menu_subitem_link_list","settings":{"title":"---Col4","name":"by layouts","align_title":"left","position_title":"top","color_dropdown_title_extend":false,"color_dropdown_title":"#000000","link_list":"product-styles","color_link_list_extend":false,"color_link_list":"#000000","col_width":"2","align_link_list":"left","horizontal_inside_gutter":0,"vertical_inside_gutter":0,"no_gutter_left":false,"no_gutter_right":false,"no_gutter_all":false,"bkg_enable":false,"bkg_color":"","bkg_layout":"inside","bkg_position":"right bottom","bkg_no_repeat":true,"use_external_bkg":false,"external_bkg_url":"","color_label_extend":false,"color_label":"#ffffff","bkg_label":"#3955ff","custom_class":""}},"1564199185521":{"type":"menu_subitem_link_list","settings":{"title":"---Col5","name":"By image","align_title":"left","position_title":"top","color_dropdown_title_extend":false,"color_dropdown_title":"#000000","link_list":"product-images","color_link_list_extend":false,"color_link_list":"#000000","col_width":"2","align_link_list":"left","horizontal_inside_gutter":0,"vertical_inside_gutter":0,"no_gutter_left":false,"no_gutter_right":false,"no_gutter_all":false,"bkg_enable":false,"bkg_color":"","bkg_layout":"inside","bkg_position":"right bottom","bkg_no_repeat":true,"use_external_bkg":false,"external_bkg_url":"","color_label_extend":false,"color_label":"#ffffff","bkg_label":"#d9121f","custom_class":""}},"1581404913914":{"type":"menu_subitem_image","settings":{"title":"---Col6","name":"","align_title":"left","position_title":"top","color_dropdown_title_extend":false,"color_dropdown_title":"#ff0000","image_size":"600x","image_link":"shopify:\/\/collections\/accessories","image_new_tab":false,"col_width":"2","horizontal_inside_gutter":0,"vertical_inside_gutter":0,"no_gutter_left":false,"no_gutter_right":false,"no_gutter_all":false,"bkg_enable":false,"bkg_color":"","bkg_layout":"outside","bkg_position":"center center","bkg_no_repeat":true,"custom_class":""}},"1532917395027":{"type":"menu_item_parent","settings":{"title":"Parent - Shop","name":"Shop","link":"shopify:\/\/collections\/lingeries","drop_width":600,"icon":"","color_extend":true,"color":"#000000","bkg_color_dropdown_extend":true,"bkg_color_dropdown":"#000000","label":"","color_label":"#d9121f","bkg_label":"#d9121f","parent_custom_class":""}},"1564199623927":{"type":"menu_subitem_link_list","settings":{"title":"---Col1","name":"By layouts","align_title":"left","position_title":"top","color_dropdown_title_extend":true,"color_dropdown_title":"#000000","link_list":"shop-styles","color_link_list_extend":true,"color_link_list":"#565656","col_width":"4","align_link_list":"left","horizontal_inside_gutter":0,"vertical_inside_gutter":0,"no_gutter_left":false,"no_gutter_right":false,"no_gutter_all":false,"bkg_enable":false,"bkg_color":"","bkg_layout":"inside","bkg_position":"right bottom","bkg_no_repeat":true,"use_external_bkg":false,"external_bkg_url":"","color_label_extend":true,"color_label":"#ffffff","bkg_label":"#d9121f","custom_class":""}},"1564199674280":{"type":"menu_subitem_link_list","settings":{"title":"---Col2","name":"by pagination","align_title":"left","position_title":"top","color_dropdown_title_extend":true,"color_dropdown_title":"#000000","link_list":"shop-pagination","color_link_list_extend":true,"color_link_list":"#565656","col_width":"4","align_link_list":"left","horizontal_inside_gutter":0,"vertical_inside_gutter":0,"no_gutter_left":false,"no_gutter_right":false,"no_gutter_all":false,"bkg_enable":false,"bkg_color":"","bkg_layout":"inside","bkg_position":"right bottom","bkg_no_repeat":true,"use_external_bkg":false,"external_bkg_url":"","color_label_extend":true,"color_label":"#ffffff","bkg_label":"#d9121f","custom_class":""}},"1586484282041":{"type":"menu_subitem_image","settings":{"title":"","name":"Lookbook Collection","align_title":"center","position_title":"bottom","color_dropdown_title_extend":true,"color_dropdown_title":"#000000","image":"shopify:\/\/shop_images\/2.png","image_size":"master","image_link":"shopify:\/\/collections\/accessories","image_new_tab":false,"col_width":"4","horizontal_inside_gutter":0,"vertical_inside_gutter":0,"no_gutter_left":false,"no_gutter_right":false,"no_gutter_all":false,"bkg_enable":false,"bkg_color":"","bkg_layout":"inside","bkg_position":"right bottom","bkg_no_repeat":true,"custom_class":""}},"1592121866589":{"type":"menu_item_logo","settings":{}},"1532918945277":{"type":"menu_item_parent","settings":{"title":"Parent - Toolkit App","name":"App","link":"shopify:\/\/products\/bikini-soft-cupbra","drop_width":400,"icon":"","color_extend":true,"color":"#000000","bkg_color_dropdown_extend":true,"bkg_color_dropdown":"#000000","label":"free","color_label":"#ffffff","bkg_label":"#d9121f","parent_custom_class":""}},"1564199772825":{"type":"menu_subitem_link_list","settings":{"title":"---Toolkit's submenu","name":"6+ Toolkit App Demos","align_title":"left","position_title":"top","color_dropdown_title_extend":true,"color_dropdown_title":"#000000","link_list":"boostheme-toolkit-app","color_link_list_extend":true,"color_link_list":"#565656","col_width":"6","align_link_list":"left","horizontal_inside_gutter":0,"vertical_inside_gutter":0,"no_gutter_left":false,"no_gutter_right":false,"no_gutter_all":false,"bkg_enable":false,"bkg_color":"","bkg_layout":"inside","bkg_position":"right bottom","bkg_no_repeat":true,"use_external_bkg":false,"external_bkg_url":"","color_label_extend":false,"color_label":"#ffffff","bkg_label":"#4529ff","custom_class":""}},"1581407432468":{"type":"menu_subitem_image","settings":{"title":"---Col2","name":"Free to use at Boostheme","align_title":"center","position_title":"bottom","color_dropdown_title_extend":true,"color_dropdown_title":"#000000","image":"shopify:\/\/shop_images\/menu_logo_install.png","image_size":"600x","image_link":"https:\/\/boostheme.com\/themes-documentation\/boostheme-toolkit-app","image_new_tab":true,"col_width":"6","horizontal_inside_gutter":0,"vertical_inside_gutter":0,"no_gutter_left":false,"no_gutter_right":false,"no_gutter_all":false,"bkg_enable":false,"bkg_color":"","bkg_layout":"inside","bkg_position":"right bottom","bkg_no_repeat":true,"custom_class":""}},"1533001210297":{"type":"menu_item_parent","settings":{"title":"Parent - Sales","name":"Sales","link":"shopify:\/\/collections\/lingeries","drop_width":1000,"icon":"","color_extend":true,"color":"#000000","bkg_color_dropdown_extend":true,"bkg_color_dropdown":"#000000","label":"","color_label":"#d9121f","bkg_label":"#d9121f","parent_custom_class":""}},"1581407760321":{"type":"menu_subitem_product","settings":{"title":"---Col1","name":"","align_title":"center","position_title":"top","color_dropdown_title_extend":true,"color_dropdown_title":"#000000","product":"coast-lines-mesh-elastic","main_thumbnail":"product_image","show_label":true,"show_cart_btn":true,"show_qs_btn":true,"show_compare_btn":true,"show_wishlist_btn":true,"show_review_stars":true,"enable_product_options":true,"show_countdown_timer":true,"show_vendor":false,"product_name_size":5,"col_width":"3","horizontal_inside_gutter":0,"vertical_inside_gutter":0,"no_gutter_left":false,"no_gutter_right":false,"no_gutter_all":false,"bkg_enable":false,"bkg_color":"","bkg_layout":"inside","bkg_position":"right bottom","bkg_no_repeat":true,"custom_class":""}},"1581407766317":{"type":"menu_subitem_product","settings":{"title":"---Col2","name":"","align_title":"center","position_title":"top","color_dropdown_title_extend":true,"color_dropdown_title":"#000000","product":"ripple-effect-riversible","main_thumbnail":"product_image","show_label":true,"show_cart_btn":true,"show_qs_btn":true,"show_compare_btn":true,"show_wishlist_btn":true,"show_review_stars":true,"enable_product_options":true,"show_countdown_timer":false,"show_vendor":false,"product_name_size":5,"col_width":"3","horizontal_inside_gutter":0,"vertical_inside_gutter":0,"no_gutter_left":false,"no_gutter_right":false,"no_gutter_all":false,"bkg_enable":false,"bkg_color":"","bkg_layout":"inside","bkg_position":"right bottom","bkg_no_repeat":true,"custom_class":""}},"1564199842819":{"type":"menu_subitem_link_list","settings":{"title":"---Col3","name":"Top Collections","align_title":"left","position_title":"top","color_dropdown_title_extend":true,"color_dropdown_title":"#000000","link_list":"all-collections","color_link_list_extend":true,"color_link_list":"#565656","col_width":"2","align_link_list":"left","horizontal_inside_gutter":0,"vertical_inside_gutter":0,"no_gutter_left":false,"no_gutter_right":false,"no_gutter_all":false,"bkg_enable":false,"bkg_color":"","bkg_layout":"inside","bkg_position":"right bottom","bkg_no_repeat":true,"use_external_bkg":false,"external_bkg_url":"","color_label_extend":false,"color_label":"#ffffff","bkg_label":"#d9121f","custom_class":""}},"1581412086038":{"type":"menu_subitem_link_list","settings":{"title":"---Col4","name":"Top pages","align_title":"left","position_title":"top","color_dropdown_title_extend":true,"color_dropdown_title":"#000000","link_list":"pages","color_link_list_extend":true,"color_link_list":"#565656","col_width":"2","align_link_list":"left","horizontal_inside_gutter":0,"vertical_inside_gutter":0,"no_gutter_left":false,"no_gutter_right":false,"no_gutter_all":false,"bkg_enable":false,"bkg_color":"","bkg_layout":"inside","bkg_position":"right bottom","bkg_no_repeat":true,"use_external_bkg":false,"external_bkg_url":"","color_label_extend":false,"color_label":"#ffffff","bkg_label":"#fd982f","custom_class":""}},"1581411169767":{"type":"menu_subitem_image","settings":{"title":"---Col5","name":"Top Brands","align_title":"center","position_title":"top","color_dropdown_title_extend":true,"color_dropdown_title":"#000000","image":"shopify:\/\/shop_images\/Nav2-brand.png","image_size":"300x","image_link":"shopify:\/\/collections\/women-collection","image_new_tab":true,"col_width":"2","horizontal_inside_gutter":0,"vertical_inside_gutter":0,"no_gutter_left":false,"no_gutter_right":false,"no_gutter_all":false,"bkg_enable":false,"bkg_color":"","bkg_layout":"inside","bkg_position":"right bottom","bkg_no_repeat":true,"custom_class":""}},"1564199874571":{"type":"menu_item_parent","settings":{"title":"Parent - Blog","name":"Blog","link":"shopify:\/\/blogs\/news","drop_width":1000,"icon":"","color_extend":true,"color":"#000000","bkg_color_dropdown_extend":true,"bkg_color_dropdown":"#000000","label":"3+ layout","color_label":"#ffffff","bkg_label":"#ff7e0c","parent_custom_class":""}}},"block_order":["1532835301865","1533005963336","1594971899597","1594971896529","782a84ba-d2f1-4468-88ad-dc4cdc20243f","1594971903380","1594971906482","1532918490517","1564199304110","1581404769138","1564641384464","1564199340435","1564199185521","1581404913914","1532917395027","1564199623927","1564199674280","1586484282041","1592121866589","1532918945277","1564199772825","1581407432468","1533001210297","1581407760321","1581407766317","1564199842819","1581412086038","1581411169767","1564199874571"],"settings":{"bkg_color":"","use_link_list":false,"menu_link_list":"","top_item_link_list_color":"#ffffff"}},"product-template":{"type":"product-template","blocks":{"1535525036463":{"type":"tab_item_desc","settings":{"title":"Descriptions"}},"1564640299700":{"type":"tab_item_custom","settings":{"title":"Materials","custom_html":"DIAMETER (MM): 40<br>\nMETAL: Yellow Gold"}},"1535525421561":{"type":"tab_item_custom","settings":{"title":"Shipping","custom_html":"FREE SHIPPING all over the world <br>\nTIME TO SHIPPING: 5 working days"}}},"block_order":["1535525036463","1564640299700","1535525421561"],"settings":{"show_next_prev_products":true,"show_quantity_selector":true,"show_compare_btn":true,"show_wishlist_btn":true,"show_vendor":true,"show_sku":true,"show_collections":true,"show_tags":true,"show_label":true,"enable_zoom":true,"show_share_buttons":true,"show_media_btn":true,"show_review_stars":true,"show_review_form_outside_tab":true,"enable_payment_button":true,"general_info":"This is a Demo Online Store. No orders shall be fulfilled. You can buy via <a href=\"#\"><u>amazon.com<\/u><\/a>","show_discount_text":true,"discount_text":"save [percent]","enable_small_images":true,"thumbs_layout":"ver_slider","use_one_layout":false,"default_layout":"layout6","sold_enable":true,"sold_min":10,"sold_max":50,"sold_hour_min":1,"sold_hour_max":10,"enable_countdown":true,"countdown_text":"Limited time only!","enable_trusted_payment_badge":true,"trusted_payment_badge":"","ls_enable":true,"ls_text1":"Hurry! – Only [quantity] left in stock.","ls_quantity":"random","ls_quantity_min":1,"ls_quantity_max":100,"ls_text2":"Hurry, low quantity!","ls_color_text":"#959595","ls_fs_text":14,"ls_percent":73,"ls_progress_bar_text":"","ls_progress_bar_color_text":"#fff","ls_progress_bar_fs_text":12,"ls_progress_bar_bkg_complete":"#959595","ls_progress_bar_bkg_remain":"#f5f5f5","ls_progress_bar_height":5,"sc_enable":true,"size_chart_enable":true,"use_size_chart_fallback":true,"size_chart_fallback":""}},"cart-template":{"type":"cart-template","settings":{"cart_notes_enable":true,"cart_hold_enable":true,"cart_hold_hour":0,"cart_hold_minute":15}},"blog-template":{"type":"blog-template","settings":{"use_one_layout":true,"layout":"large","limit":12,"blog_show_date":true,"enable_sidebar":true,"show_recent_posts":true,"recent_post_limit":3,"show_filter_tags":true}},"1542710459860":{"type":"featured-blog","settings":{"bkg_enable":false,"section_bkg":"#2e2e2e","section_bkg_gutter":"high","section_bkg_style":"cover","top_gutter":true,"bottom_gutter":true,"title":"<span style=\"display:block;width:100%;text-align:left;\">Fashion Journals<\/span>","sub_title":"<span style=\"display:block;width:100%;text-align:left;\">Get Lastest Updates<\/span>","blog":"news","column_count":"3","post_limit":8,"blog_show_date":true,"full_width":false,"color_section_heading":"#000000","color_section_subheading":"#fe0200","color_article_date":"#000000","bkg_article_date":"#ffffff","color_article_title":"#000000","fs_section_heading":36,"fs_section_heading_mobile":30,"fs_section_subheading":16,"fs_article_date":12,"fs_article_title":16}},"navigation-vertical":{"type":"navigation-vertical","blocks":{"1561431941530":{"type":"menu_item_parent","settings":{"title":"Parent - Shop","name":"Shop","link":"","drop_width":600,"icon":"lnr-home","color_extend":true,"color":"#000","label":"hot","color_label":"#fff","bkg_label":"#d9121f","force_hover":false,"parent_custom_class":""}},"1561431988224":{"type":"menu_subitem_link_list","settings":{"title":"---Linklist","name":"","align_title":"center","position_title":"top","color_dropdown_title_extend":true,"color_dropdown_title":"#000","link_list":"","color_link_list_extend":true,"color_link_list":"#000","col_width":"3","align_link_list":"left","horizontal_inside_gutter":0,"vertical_inside_gutter":0,"no_gutter_left":false,"no_gutter_right":false,"no_gutter_all":false,"bkg_enable":false,"bkg_color":"","bkg_image":"","bkg_layout":"inside","bkg_position":"right bottom","bkg_no_repeat":true,"use_external_bkg":false,"external_bkg_url":"","color_label_extend":true,"color_label":"#fff","bkg_label":"#d9121f","custom_class":""}},"1561432011175":{"type":"menu_item_parent","settings":{"title":"Collections","name":"Collections","link":"","drop_width":600,"icon":"","color_extend":true,"color":"#000","label":"","color_label":"#fff","bkg_label":"#d9121f","force_hover":false,"parent_custom_class":""}},"1561432076265":{"type":"menu_subitem_link_list","settings":{"title":"---Col1","name":"Popular Collection","align_title":"center","position_title":"top","color_dropdown_title_extend":true,"color_dropdown_title":"#000","link_list":"","color_link_list_extend":true,"color_link_list":"#000","col_width":"6","align_link_list":"left","horizontal_inside_gutter":0,"vertical_inside_gutter":0,"no_gutter_left":false,"no_gutter_right":false,"no_gutter_all":false,"bkg_enable":false,"bkg_color":"","bkg_image":"","bkg_layout":"inside","bkg_position":"right bottom","bkg_no_repeat":true,"use_external_bkg":false,"external_bkg_url":"","color_label_extend":true,"color_label":"#fff","bkg_label":"#d9121f","custom_class":""}},"1561432046372":{"type":"menu_subitem_product","settings":{"title":"---Col2","name":"Best seller Product","align_title":"center","position_title":"top","color_dropdown_title_extend":true,"color_dropdown_title":"#000","product":"","item_size":"medium","main_thumbnail":"product_image","image_size":"250x","show_label":true,"show_cart_btn":true,"show_qs_btn":true,"show_compare_btn":true,"show_wishlist_btn":true,"show_review_stars":true,"enable_product_options":true,"show_countdown_timer":true,"show_vendor":false,"product_name_size":5,"col_width":"6","horizontal_inside_gutter":0,"vertical_inside_gutter":0,"no_gutter_left":false,"no_gutter_right":false,"no_gutter_all":false,"bkg_enable":false,"bkg_color":"","bkg_image":"","bkg_layout":"inside","bkg_position":"right bottom","bkg_no_repeat":true,"custom_class":""}},"1561432133330":{"type":"menu_item_parent","settings":{"title":"Parent - Feature Products","name":"Feature Products","link":"shopify:\/\/collections\/all","drop_width":900,"icon":"lnr-bullhorn","color_extend":true,"color":"#000","label":"","color_label":"#fff","bkg_label":"#d9121f","force_hover":false,"parent_custom_class":""}},"1561432235665":{"type":"menu_subitem_product","settings":{"title":"---Col1","name":"","align_title":"center","position_title":"top","color_dropdown_title_extend":true,"color_dropdown_title":"#000","product":"","item_size":"medium","main_thumbnail":"product_image","image_size":"250x","show_label":true,"show_cart_btn":true,"show_qs_btn":true,"show_compare_btn":true,"show_wishlist_btn":true,"show_review_stars":true,"enable_product_options":true,"show_countdown_timer":true,"show_vendor":false,"product_name_size":5,"col_width":"3","horizontal_inside_gutter":0,"vertical_inside_gutter":0,"no_gutter_left":false,"no_gutter_right":false,"no_gutter_all":false,"bkg_enable":false,"bkg_color":"","bkg_image":"","bkg_layout":"inside","bkg_position":"right bottom","bkg_no_repeat":true,"custom_class":""}},"1561432258649":{"type":"menu_subitem_product","settings":{"title":"---Col2","name":"","align_title":"center","position_title":"top","color_dropdown_title_extend":true,"color_dropdown_title":"#000","product":"","item_size":"medium","main_thumbnail":"product_image","image_size":"250x","show_label":true,"show_cart_btn":true,"show_qs_btn":true,"show_compare_btn":true,"show_wishlist_btn":true,"show_review_stars":true,"enable_product_options":true,"show_countdown_timer":true,"show_vendor":false,"product_name_size":5,"col_width":"3","horizontal_inside_gutter":0,"vertical_inside_gutter":0,"no_gutter_left":false,"no_gutter_right":false,"no_gutter_all":false,"bkg_enable":false,"bkg_color":"","bkg_image":"","bkg_layout":"inside","bkg_position":"right bottom","bkg_no_repeat":true,"custom_class":""}},"1561432272209":{"type":"menu_subitem_product","settings":{"title":"---Col3","name":"","align_title":"center","position_title":"top","color_dropdown_title_extend":true,"color_dropdown_title":"#000","product":"","item_size":"medium","main_thumbnail":"product_image","image_size":"250x","show_label":true,"show_cart_btn":true,"show_qs_btn":true,"show_compare_btn":true,"show_wishlist_btn":true,"show_review_stars":true,"enable_product_options":true,"show_countdown_timer":true,"show_vendor":false,"product_name_size":5,"col_width":"3","horizontal_inside_gutter":0,"vertical_inside_gutter":0,"no_gutter_left":false,"no_gutter_right":false,"no_gutter_all":false,"bkg_enable":false,"bkg_color":"","bkg_image":"","bkg_layout":"inside","bkg_position":"right bottom","bkg_no_repeat":true,"custom_class":""}},"1561432286617":{"type":"menu_subitem_product","settings":{"title":"---Col4","name":"","align_title":"center","position_title":"top","color_dropdown_title_extend":true,"color_dropdown_title":"#000","product":"","item_size":"medium","main_thumbnail":"product_image","image_size":"250x","show_label":true,"show_cart_btn":true,"show_qs_btn":true,"show_compare_btn":true,"show_wishlist_btn":true,"show_review_stars":true,"enable_product_options":true,"show_countdown_timer":true,"show_vendor":false,"product_name_size":5,"col_width":"3","horizontal_inside_gutter":0,"vertical_inside_gutter":0,"no_gutter_left":false,"no_gutter_right":false,"no_gutter_all":false,"bkg_enable":false,"bkg_color":"","bkg_image":"","bkg_layout":"inside","bkg_position":"right bottom","bkg_no_repeat":true,"custom_class":""}}},"block_order":["1561431941530","1561431988224","1561432011175","1561432076265","1561432046372","1561432133330","1561432235665","1561432258649","1561432272209","1561432286617"],"settings":{"bkg_color":"","use_link_list":false,"menu_link_list":"main-menu"}},"contact":{"type":"contact","blocks":{"1564885332580":{"type":"contact_info","settings":{"title":"New York","phone":"1-800-333-42-63","address":"67 2nd House RD Montauk, NY, 11954","email":"sf@woodstock.com"}},"1564885361350":{"type":"contact_info","settings":{"title":"San Francisco","phone":"1-800-444-23-54","address":"1 Infinite Loop Cupertino, CA 95014","email":"sf@woodstock.com"}}},"block_order":["1564885332580","1564885361350"],"settings":{"bkg_enable":false,"section_bkg":"#ffffff","title":"Contact us","form_title":"Get in touch","show_info":true,"show_map":true,"show_map_before_form":true,"map_address":"80 Spadina Ave, Toronto","api_key":"AIzaSyA5LUAy0j8LymAxt6EBn7S9WGzAiu6tCgs","background_image":"","background_image_position":"center center","opening_enable":true,"opening_name1":"Monday to Friday","opening_time1":"10am to 6pm","opening_name2":"Saturday","opening_time2":"10am to 4pm","opening_name3":"Sunday","opening_time3":"12am t0 4pm","full_width":false}},"about1":{"type":"about1","settings":{"bkg_enable":false,"section_bkg":"","top_gutter":true,"bottom_gutter":true,"image":"shopify:\/\/shop_images\/1.png","image_size":"6","image_pos":"left","enable_social":true,"twitter":"#","facebook":"#","instagram":"#","pinterest":"#","full_width":false}},"about2":{"type":"about2","blocks":{"1564819991916":{"type":"add_info","settings":{"title":"Our Company","short_desc":"Sed ut perspiciatis unde omnis iste","content":"Architecto beatae vitae dicta sunt explicabo. Nemo enim ipsam voluptatem quia voluptas sit aspernatur aut odit aut fugit, sed quia consequuntur magni dolores eos, totam rem aperiam."}},"1564820014357":{"type":"add_info","settings":{"title":"Our country","short_desc":"Sed ut perspiciatis unde omnis iste","content":"Architecto beatae vitae dicta sunt explicabo. Nemo enim ipsam voluptatem quia voluptas sit aspernatur aut odit aut fugit, sed quia consequuntur magni dolores eos, totam rem aperiam."}},"1564820042862":{"type":"add_info","settings":{"title":"Our team","short_desc":"Sed ut perspiciatis unde omnis iste","content":"Architecto beatae vitae dicta sunt explicabo. Nemo enim ipsam voluptatem quia voluptas sit aspernatur aut odit aut fugit, sed quia consequuntur magni dolores eos, totam rem aperiam."}}},"block_order":["1564819991916","1564820014357","1564820042862"],"settings":{"bkg_enable":false,"section_bkg":"","top_gutter":true,"bottom_gutter":true,"full_width":false}},"about3":{"type":"about3","blocks":{"1564820076549":{"type":"team_member","settings":{"avatar":"shopify:\/\/shop_images\/3_e1e3e756-f1dd-4381-82be-7137de482a78.png","title":"Jonh Do","job":"Social"}},"1564820123897":{"type":"team_member","settings":{"avatar":"shopify:\/\/shop_images\/2_c643ed6d-26d2-4e28-ba4c-f13dbc2f79eb.png","title":"Lisa Williams","job":"CEO"}},"1564820143638":{"type":"team_member","settings":{"avatar":"shopify:\/\/shop_images\/4.png","title":"Michael Jack","job":"Developer"}},"1564820200695":{"type":"team_member","settings":{"avatar":"shopify:\/\/shop_images\/1_9dbeb8c5-434e-498d-84ff-d24b5ed8f548.png","title":"Leonal Pack","job":"Account"}}},"block_order":["1564820076549","1564820123897","1564820143638","1564820200695"],"settings":{"bkg_enable":false,"section_bkg":"","top_gutter":true,"bottom_gutter":true,"team_member_label":"Our team","full_width":false}},"1569286477905":{"type":"rich-banner","blocks":{"1569287463328":{"type":"rich-banner-text","settings":{"item_size":12,"item_size_mobile":12,"item_gutter_top":0,"item_gutter_bottom":0,"item_gutter_left":0,"item_gutter_right":0,"item_gutter_top_mb":0,"item_gutter_bottom_mb":0,"item_gutter_left_mb":0,"item_gutter_right_mb":0,"template":"inside","image":"shopify:\/\/shop_images\/23.jpg","image_mobile":"shopify:\/\/shop_images\/mobile23.jpg","image_link":"shopify:\/\/collections\/handbag","image_link_new_tab":false,"hide_on_mobile":false,"hide_on_desktop":false,"bkg_banner_enable":false,"bkg_banner":"","text_effect_enable":false,"lcp_is_image":false,"image_alignment":"left","image_align_ver_center":false,"effect_enable":false,"effect_trans_zoom":true,"effect_trans_slide":true,"effect_trans_border":true,"effect_color":"none","image_box_width_mobile":12,"image_box_width_tb":12,"image_box_width":12,"text_box_width_mobile":8,"text_box_width_tb":8,"text_box_width":6,"ver_align_text_box":false,"box_wrap":false,"standard_pos":"center-left","custom_pos":false,"pos_left":0,"pos_top":0,"text_bkg_enable":true,"text_bkg_color":"#ffffff","text_bkg_opacity":54,"text_bkg_layout":"inside","text_1":"End of Season Sale - 2020","hide_on_mobile_text_1":false,"hide_on_desktop_text_1":false,"format_text_1":"text-line","new_tab_text_1":false,"alignment_text_1":"left","color_text_1":"#1c1c1c","button_style_text_1":"style1","button_transparent_text_1":false,"button_radius_text_1":0,"button_icon_text_1":"","countdown_color_text_1":"#000000","countdown_bkg_text_1":"#ffffff","countdown_extend_text_1":0,"gutter_top_text_1":0,"gutter_bottom_text_1":20,"gutter_left_text_1":30,"gutter_right_text_1":0,"font_size_text_1":16,"line_height_text_1":16,"font_style_text_1":"normal","font_weight_text_1":"normal","letter_spacing_text_1":3,"extend_style_text_1":false,"gutter_top_mobile_text_1":0,"gutter_bottom_mobile_text_1":0,"gutter_left_mobile_text_1":0,"gutter_right_mobile_text_1":0,"font_size_mobile_text_1":12,"line_height_mobile_text_1":12,"font_style_mobile_text_1":"normal","font_weight_mobile_text_1":"normal","letter_spacing_mobile_text_1":0,"custom_class_text_1":"bkg-start dib","text_2":"Spring - Summer 2020 Collection has Arrival.","hide_on_mobile_text_2":false,"hide_on_desktop_text_2":false,"format_text_2":"text-line","new_tab_text_2":false,"alignment_text_2":"left","color_text_2":"#1c1c1c","button_style_text_2":"style1","button_transparent_text_2":false,"button_radius_text_2":0,"button_icon_text_2":"","countdown_color_text_2":"#000000","countdown_bkg_text_2":"#ffffff","countdown_extend_text_2":0,"gutter_top_text_2":0,"gutter_bottom_text_2":35,"gutter_left_text_2":30,"gutter_right_text_2":0,"font_size_text_2":44,"line_height_text_2":60,"font_style_text_2":"normal","font_weight_text_2":"normal","letter_spacing_text_2":0,"extend_style_text_2":false,"gutter_top_mobile_text_2":5,"gutter_bottom_mobile_text_2":10,"gutter_left_mobile_text_2":0,"gutter_right_mobile_text_2":0,"font_size_mobile_text_2":19,"line_height_mobile_text_2":29,"font_style_mobile_text_2":"normal","font_weight_mobile_text_2":"normal","letter_spacing_mobile_text_2":0,"custom_class_text_2":"secondary-font","text_3":"DISCOVER","hide_on_mobile_text_3":false,"hide_on_desktop_text_3":false,"format_text_3":"button","url_text_3":"shopify:\/\/collections\/accessories","new_tab_text_3":false,"alignment_text_3":"left","color_text_3":"","button_style_text_3":"style2","button_transparent_text_3":true,"button_radius_text_3":0,"button_icon_text_3":"lnr-chevron-right","countdown_color_text_3":"#000000","countdown_bkg_text_3":"#ffffff","countdown_extend_text_3":0,"gutter_top_text_3":0,"gutter_bottom_text_3":0,"gutter_left_text_3":30,"gutter_right_text_3":0,"font_size_text_3":12,"line_height_text_3":12,"font_style_text_3":"normal","font_weight_text_3":"bold","letter_spacing_text_3":0,"extend_style_text_3":false,"gutter_top_mobile_text_3":0,"gutter_bottom_mobile_text_3":0,"gutter_left_mobile_text_3":0,"gutter_right_mobile_text_3":0,"font_size_mobile_text_3":12,"line_height_mobile_text_3":7,"font_style_mobile_text_3":"normal","font_weight_mobile_text_3":"normal","letter_spacing_mobile_text_3":0,"custom_class_text_3":"","text_4":"","hide_on_mobile_text_4":false,"hide_on_desktop_text_4":false,"format_text_4":"text-line","new_tab_text_4":false,"alignment_text_4":"center","color_text_4":"","button_style_text_4":"style1","button_transparent_text_4":false,"button_radius_text_4":0,"button_icon_text_4":"","countdown_color_text_4":"#000000","countdown_bkg_text_4":"#ffffff","countdown_extend_text_4":0,"gutter_top_text_4":0,"gutter_bottom_text_4":0,"gutter_left_text_4":37,"gutter_right_text_4":37,"font_size_text_4":15,"line_height_text_4":27,"font_style_text_4":"normal","font_weight_text_4":"normal","letter_spacing_text_4":0,"extend_style_text_4":true,"gutter_top_mobile_text_4":0,"gutter_bottom_mobile_text_4":0,"gutter_left_mobile_text_4":37,"gutter_right_mobile_text_4":37,"font_size_mobile_text_4":15,"line_height_mobile_text_4":27,"font_style_mobile_text_4":"normal","font_weight_mobile_text_4":"normal","letter_spacing_mobile_text_4":0,"custom_class_text_4":""}},"1569286508862":{"type":"rich-banner-text","settings":{"item_size":12,"item_size_mobile":12,"item_gutter_top":0,"item_gutter_bottom":0,"item_gutter_left":0,"item_gutter_right":0,"item_gutter_top_mb":0,"item_gutter_bottom_mb":0,"item_gutter_left_mb":0,"item_gutter_right_mb":0,"template":"inside","image":"shopify:\/\/shop_images\/22.jpg","image_mobile":"shopify:\/\/shop_images\/mobile22.jpg","image_link":"shopify:\/\/collections\/accessories","image_link_new_tab":false,"hide_on_mobile":false,"hide_on_desktop":false,"bkg_banner_enable":false,"bkg_banner":"","text_effect_enable":false,"lcp_is_image":false,"image_alignment":"left","image_align_ver_center":false,"effect_enable":false,"effect_trans_zoom":true,"effect_trans_slide":true,"effect_trans_border":true,"effect_color":"none","image_box_width_mobile":12,"image_box_width_tb":12,"image_box_width":12,"text_box_width_mobile":8,"text_box_width_tb":8,"text_box_width":6,"ver_align_text_box":false,"box_wrap":false,"standard_pos":"center-left","custom_pos":false,"pos_left":0,"pos_top":0,"text_bkg_enable":true,"text_bkg_color":"#ffffff","text_bkg_opacity":48,"text_bkg_layout":"inside","text_1":"End of Season Sale - 2020","hide_on_mobile_text_1":false,"hide_on_desktop_text_1":false,"format_text_1":"text-line","new_tab_text_1":false,"alignment_text_1":"left","color_text_1":"#1c1c1c","button_style_text_1":"style1","button_transparent_text_1":false,"button_radius_text_1":0,"button_icon_text_1":"","countdown_color_text_1":"#000000","countdown_bkg_text_1":"#ffffff","countdown_extend_text_1":0,"gutter_top_text_1":0,"gutter_bottom_text_1":20,"gutter_left_text_1":30,"gutter_right_text_1":0,"font_size_text_1":16,"line_height_text_1":16,"font_style_text_1":"normal","font_weight_text_1":"normal","letter_spacing_text_1":3,"extend_style_text_1":false,"gutter_top_mobile_text_1":0,"gutter_bottom_mobile_text_1":0,"gutter_left_mobile_text_1":0,"gutter_right_mobile_text_1":0,"font_size_mobile_text_1":12,"line_height_mobile_text_1":12,"font_style_mobile_text_1":"normal","font_weight_mobile_text_1":"normal","letter_spacing_mobile_text_1":0,"custom_class_text_1":"bkg-start dib","text_2":"Sustainable Streetwear.\nFor Next Generation.","hide_on_mobile_text_2":false,"hide_on_desktop_text_2":false,"format_text_2":"text-line","new_tab_text_2":false,"alignment_text_2":"left","color_text_2":"#1c1c1c","button_style_text_2":"style1","button_transparent_text_2":false,"button_radius_text_2":0,"button_icon_text_2":"","countdown_color_text_2":"#000000","countdown_bkg_text_2":"#ffffff","countdown_extend_text_2":0,"gutter_top_text_2":0,"gutter_bottom_text_2":35,"gutter_left_text_2":30,"gutter_right_text_2":0,"font_size_text_2":44,"line_height_text_2":60,"font_style_text_2":"normal","font_weight_text_2":"normal","letter_spacing_text_2":0,"extend_style_text_2":false,"gutter_top_mobile_text_2":5,"gutter_bottom_mobile_text_2":10,"gutter_left_mobile_text_2":0,"gutter_right_mobile_text_2":0,"font_size_mobile_text_2":19,"line_height_mobile_text_2":29,"font_style_mobile_text_2":"normal","font_weight_mobile_text_2":"normal","letter_spacing_mobile_text_2":0,"custom_class_text_2":"secondary-font","text_3":"DISCOVER","hide_on_mobile_text_3":false,"hide_on_desktop_text_3":false,"format_text_3":"button","url_text_3":"shopify:\/\/collections\/accessories","new_tab_text_3":false,"alignment_text_3":"left","color_text_3":"","button_style_text_3":"style2","button_transparent_text_3":true,"button_radius_text_3":0,"button_icon_text_3":"lnr-chevron-right","countdown_color_text_3":"#000000","countdown_bkg_text_3":"#ffffff","countdown_extend_text_3":0,"gutter_top_text_3":0,"gutter_bottom_text_3":0,"gutter_left_text_3":30,"gutter_right_text_3":0,"font_size_text_3":12,"line_height_text_3":12,"font_style_text_3":"normal","font_weight_text_3":"bold","letter_spacing_text_3":0,"extend_style_text_3":false,"gutter_top_mobile_text_3":0,"gutter_bottom_mobile_text_3":0,"gutter_left_mobile_text_3":0,"gutter_right_mobile_text_3":0,"font_size_mobile_text_3":12,"line_height_mobile_text_3":7,"font_style_mobile_text_3":"normal","font_weight_mobile_text_3":"normal","letter_spacing_mobile_text_3":0,"custom_class_text_3":"","text_4":"","hide_on_mobile_text_4":false,"hide_on_desktop_text_4":false,"format_text_4":"text-line","new_tab_text_4":false,"alignment_text_4":"center","color_text_4":"","button_style_text_4":"style1","button_transparent_text_4":false,"button_radius_text_4":0,"button_icon_text_4":"","countdown_color_text_4":"#000000","countdown_bkg_text_4":"#ffffff","countdown_extend_text_4":0,"gutter_top_text_4":0,"gutter_bottom_text_4":0,"gutter_left_text_4":37,"gutter_right_text_4":37,"font_size_text_4":15,"line_height_text_4":27,"font_style_text_4":"normal","font_weight_text_4":"normal","letter_spacing_text_4":0,"extend_style_text_4":true,"gutter_top_mobile_text_4":0,"gutter_bottom_mobile_text_4":0,"gutter_left_mobile_text_4":37,"gutter_right_mobile_text_4":37,"font_size_mobile_text_4":15,"line_height_mobile_text_4":27,"font_style_mobile_text_4":"normal","font_weight_mobile_text_4":"normal","letter_spacing_mobile_text_4":0,"custom_class_text_4":""}}},"block_order":["1569287463328","1569286508862"],"settings":{"bkg_enable":false,"section_bkg":"","section_bkg_gutter":"high","section_bkg_style":"cover","top_gutter":false,"bottom_gutter":false,"title":"Slideshow","heading":"","sub_title":"","full_width":false,"full_wide":true,"hidden_mobile":false,"revert_in_rtl":true,"enable_slider":true,"item_size":"full","autoplay_slider":false,"autoplay_speed_slider":7,"arrow_slider":false,"arrow_dots":true,"ver_banner_enable":false,"ver_banner_width":3,"ver_banner_pos":"right","ver_banner_no_distance":false,"ver_effect_enable":true,"ver_effect_trans_zoom":true,"ver_effect_trans_slide":true,"ver_effect_trans_border":true,"ver_effect_color":"none"}},"list-collections-template":{"type":"list-collections-template","settings":{"display_type":"all","sort":"alphabetical","grid":3,"show_products_count":false,"enable_bkg":false,"bkg_title":"rgba(0,0,0,0)","color_title":"#000000"}},"1584004586446":{"type":"text-list","blocks":{"1584004603637":{"type":"text_item","settings":{"icon_class":"lnr-earth","title":"Free Shipping","subtitle":"","bkg_enable":false,"bkg_color":"","border_enable":false,"border_color":"","item_width_mobile":6,"item_width":3}},"1584004748944":{"type":"text_item","settings":{"icon_class":"lnr-coin","title":"Guarantee","subtitle":"","bkg_enable":false,"bkg_color":"","border_enable":false,"border_color":"","item_width_mobile":6,"item_width":3}},"1584005869534":{"type":"text_item","settings":{"icon_class":"lnr-gift","title":"Gifts On","subtitle":"","bkg_enable":false,"bkg_color":"","border_enable":false,"border_color":"","item_width_mobile":6,"item_width":3}},"1586749146414":{"type":"text_item","settings":{"icon_class":"lnr-earth","title":"Support 24\/7","subtitle":"","bkg_enable":false,"bkg_color":"","border_enable":false,"border_color":"","item_width_mobile":6,"item_width":3}}},"block_order":["1584004603637","1584004748944","1584005869534","1586749146414"],"settings":{"bkg_enable":false,"section_bkg":"","section_bkg_gutter":"high","section_bkg_style":"cover","top_gutter":true,"bottom_gutter":true,"text_uppercase":false,"full_width":false,"hidden_mobile":false,"sep_line_enable":true,"color_text_list":"#000000","color_subtitle_list":"#999999","color_icon_list":"#c5c5c5","fs_text_list":16,"fs_text_list_mobile":13,"fs_i":25,"fs_i_mobile":17}},"article-template":{"type":"article-template","settings":{"blog_show_featured_image":false,"blog_show_author":true,"blog_show_date":true,"show_share_buttons":true,"enable_sidebar":true,"show_recent_posts":true,"recent_post_limit":5,"show_filter_tags":true}},"1592122219435":{"type":"collection-list","blocks":{"1592122219435-1":{"type":"featured_collection","settings":{"collection":"lingeries","custom_image":"shopify:\/\/shop_images\/4_2d2fed65-889a-45c2-894f-230715835247.jpg","custom_title":"QAUR COLLECTION"}},"1592122219435-0":{"type":"featured_collection","settings":{"collection":"lingeries","custom_image":"shopify:\/\/shop_images\/2_bec42994-cc1f-4ad3-a556-20b289f8fac0.jpg","custom_title":"NOAH COLLECTION"}},"1592122219435-2":{"type":"featured_collection","settings":{"collection":"lingeries","custom_image":"shopify:\/\/shop_images\/6_9060b839-92ba-4f15-b3a3-5ce6f2de9554.jpg","custom_title":"OSWAD COLLECTION"}},"23abba30-2866-4a93-b5ce-dce99a8be99a":{"type":"featured_collection","settings":{"collection":"outerwear","custom_image":"shopify:\/\/shop_images\/5_bc26e76c-105b-48f3-adb4-6897a847ca63.jpg","custom_title":"OUTERWEAR"}}},"block_order":["1592122219435-1","1592122219435-0","1592122219435-2","23abba30-2866-4a93-b5ce-dce99a8be99a"],"settings":{"bkg_enable":false,"section_bkg":"","section_bkg_gutter":"high","section_bkg_style":"cover","top_gutter":true,"bottom_gutter":false,"title":"","sub_title":"","grid":4,"show_products_count":false,"full_image":true,"enable_bkg":true,"bkg_title":"#ffffff","color_title":"#000000","color_count":"#000000","first_screen":false,"full_width":false,"collection_title_fs_mb":12,"collection_count_fs_mb":10,"collection_title_fs_dk":17,"collection_count_fs_dk":13,"slider_enable":false}},"1592122466118":{"type":"collection-list","blocks":{"1592122466118-1":{"type":"featured_collection","settings":{"collection":"lingeries","custom_image":"shopify:\/\/shop_images\/13_0f242b38-60d3-4575-998b-84581f40aa52.jpg","custom_title":"DIVERRA COLLECTION"}},"1592122466118-0":{"type":"featured_collection","settings":{"collection":"lingeries","custom_image":"shopify:\/\/shop_images\/12_ba667719-a23b-4d05-b677-900a9a0aaf62.jpg","custom_title":"SITAME COLLECTION"}}},"block_order":["1592122466118-1","1592122466118-0"],"settings":{"bkg_enable":false,"section_bkg":"","section_bkg_gutter":"high","section_bkg_style":"cover","top_gutter":true,"bottom_gutter":false,"title":"","sub_title":"","grid":2,"show_products_count":false,"full_image":false,"enable_bkg":true,"bkg_title":"#ffffff","color_title":"#000000","color_count":"#000000","first_screen":false,"full_width":false,"collection_title_fs_mb":12,"collection_count_fs_mb":10,"collection_title_fs_dk":17,"collection_count_fs_dk":13,"slider_enable":false}},"1592123158541":{"type":"rich-banner","blocks":{"1592123826118":{"type":"rich-banner-product","settings":{"item_size":2,"item_size_mobile":6,"item_gutter_top":0,"item_gutter_bottom":0,"item_gutter_left":0,"item_gutter_right":0,"item_gutter_top_mb":0,"item_gutter_bottom_mb":0,"item_gutter_left_mb":0,"item_gutter_right_mb":10,"product":"camuto-swimwear-life","hide_on_mobile":false,"hide_on_desktop":false,"bkg_banner_enable":false,"bkg_banner":"","main_thumbnail":"product_image","image_size":"250x","show_label":true,"show_cart_btn":true,"show_qs_btn":true,"show_compare_btn":true,"show_wishlist_btn":true,"show_review_stars":true,"enable_product_options":true,"show_countdown_timer":true,"show_vendor":false,"product_name_size":5}},"1592123794021":{"type":"rich-banner-product","settings":{"item_size":3,"item_size_mobile":6,"item_gutter_top":0,"item_gutter_bottom":0,"item_gutter_left":47,"item_gutter_right":47,"item_gutter_top_mb":0,"item_gutter_bottom_mb":0,"item_gutter_left_mb":10,"item_gutter_right_mb":0,"product":"coast-lines-mesh-elastic","hide_on_mobile":false,"hide_on_desktop":false,"bkg_banner_enable":false,"bkg_banner":"","main_thumbnail":"product_image","image_size":"250x","show_label":true,"show_cart_btn":true,"show_qs_btn":true,"show_compare_btn":true,"show_wishlist_btn":true,"show_review_stars":true,"enable_product_options":true,"show_countdown_timer":true,"show_vendor":false,"product_name_size":5}},"1592123184858":{"type":"rich-banner-text","settings":{"item_size":7,"item_size_mobile":12,"item_gutter_top":0,"item_gutter_bottom":0,"item_gutter_left":0,"item_gutter_right":0,"item_gutter_top_mb":30,"item_gutter_bottom_mb":0,"item_gutter_left_mb":0,"item_gutter_right_mb":0,"template":"inside","image":"shopify:\/\/shop_images\/15_0998dad7-e805-4101-82c0-06db501ae5f6.jpg","image_link":"shopify:\/\/collections\/accessories","image_link_new_tab":false,"hide_on_mobile":false,"hide_on_desktop":false,"bkg_banner_enable":false,"bkg_banner":"","text_effect_enable":true,"lcp_is_image":false,"image_alignment":"left","image_align_ver_center":false,"effect_enable":true,"effect_trans_zoom":true,"effect_trans_slide":true,"effect_trans_border":false,"effect_color":"none","image_box_width_mobile":12,"image_box_width_tb":12,"image_box_width":12,"text_box_width_mobile":12,"text_box_width_tb":6,"text_box_width":6,"ver_align_text_box":false,"box_wrap":false,"standard_pos":"center-center","custom_pos":false,"pos_left":0,"pos_top":0,"text_bkg_enable":false,"text_bkg_color":"","text_bkg_opacity":100,"text_bkg_layout":"inside","text_1":"SHOP NOW","hide_on_mobile_text_1":false,"hide_on_desktop_text_1":false,"format_text_1":"button","url_text_1":"shopify:\/\/collections\/accessories","new_tab_text_1":false,"alignment_text_1":"center","color_text_1":"","button_style_text_1":"style1","button_transparent_text_1":false,"button_radius_text_1":0,"button_icon_text_1":"","countdown_color_text_1":"#000000","countdown_bkg_text_1":"#ffffff","countdown_extend_text_1":0,"gutter_top_text_1":0,"gutter_bottom_text_1":0,"gutter_left_text_1":0,"gutter_right_text_1":0,"font_size_text_1":15,"line_height_text_1":27,"font_style_text_1":"normal","font_weight_text_1":"normal","letter_spacing_text_1":0,"extend_style_text_1":false,"gutter_top_mobile_text_1":0,"gutter_bottom_mobile_text_1":0,"gutter_left_mobile_text_1":37,"gutter_right_mobile_text_1":37,"font_size_mobile_text_1":15,"line_height_mobile_text_1":27,"font_style_mobile_text_1":"normal","font_weight_mobile_text_1":"normal","letter_spacing_mobile_text_1":0,"custom_class_text_1":"","text_2":"","hide_on_mobile_text_2":false,"hide_on_desktop_text_2":false,"format_text_2":"text-line","new_tab_text_2":false,"alignment_text_2":"center","color_text_2":"","button_style_text_2":"style1","button_transparent_text_2":false,"button_radius_text_2":0,"button_icon_text_2":"","countdown_color_text_2":"#000000","countdown_bkg_text_2":"#ffffff","countdown_extend_text_2":0,"gutter_top_text_2":0,"gutter_bottom_text_2":0,"gutter_left_text_2":37,"gutter_right_text_2":37,"font_size_text_2":15,"line_height_text_2":27,"font_style_text_2":"normal","font_weight_text_2":"normal","letter_spacing_text_2":0,"extend_style_text_2":true,"gutter_top_mobile_text_2":0,"gutter_bottom_mobile_text_2":0,"gutter_left_mobile_text_2":37,"gutter_right_mobile_text_2":37,"font_size_mobile_text_2":15,"line_height_mobile_text_2":27,"font_style_mobile_text_2":"normal","font_weight_mobile_text_2":"normal","letter_spacing_mobile_text_2":0,"custom_class_text_2":"","text_3":"","hide_on_mobile_text_3":false,"hide_on_desktop_text_3":false,"format_text_3":"text-line","new_tab_text_3":false,"alignment_text_3":"center","color_text_3":"","button_style_text_3":"style1","button_transparent_text_3":false,"button_radius_text_3":0,"button_icon_text_3":"","countdown_color_text_3":"#000000","countdown_bkg_text_3":"#ffffff","countdown_extend_text_3":0,"gutter_top_text_3":0,"gutter_bottom_text_3":0,"gutter_left_text_3":37,"gutter_right_text_3":37,"font_size_text_3":15,"line_height_text_3":27,"font_style_text_3":"normal","font_weight_text_3":"normal","letter_spacing_text_3":0,"extend_style_text_3":true,"gutter_top_mobile_text_3":0,"gutter_bottom_mobile_text_3":0,"gutter_left_mobile_text_3":37,"gutter_right_mobile_text_3":37,"font_size_mobile_text_3":15,"line_height_mobile_text_3":27,"font_style_mobile_text_3":"normal","font_weight_mobile_text_3":"normal","letter_spacing_mobile_text_3":0,"custom_class_text_3":"","text_4":"","hide_on_mobile_text_4":false,"hide_on_desktop_text_4":false,"format_text_4":"text-line","new_tab_text_4":false,"alignment_text_4":"center","color_text_4":"","button_style_text_4":"style1","button_transparent_text_4":false,"button_radius_text_4":0,"button_icon_text_4":"","countdown_color_text_4":"#000000","countdown_bkg_text_4":"#ffffff","countdown_extend_text_4":0,"gutter_top_text_4":0,"gutter_bottom_text_4":0,"gutter_left_text_4":37,"gutter_right_text_4":37,"font_size_text_4":15,"line_height_text_4":27,"font_style_text_4":"normal","font_weight_text_4":"normal","letter_spacing_text_4":0,"extend_style_text_4":true,"gutter_top_mobile_text_4":0,"gutter_bottom_mobile_text_4":0,"gutter_left_mobile_text_4":37,"gutter_right_mobile_text_4":37,"font_size_mobile_text_4":15,"line_height_mobile_text_4":27,"font_style_mobile_text_4":"normal","font_weight_mobile_text_4":"normal","letter_spacing_mobile_text_4":0,"custom_class_text_4":""}}},"block_order":["1592123826118","1592123794021","1592123184858"],"settings":{"bkg_enable":false,"section_bkg":"","section_bkg_gutter":"high","section_bkg_style":"cover","top_gutter":true,"bottom_gutter":true,"title":"Product Left + Banner Right","heading":"<span style=\"display:block;width:100%;text-align:left;\">WEEKLY DEALS<\/span>","sub_title":"","full_width":false,"full_wide":false,"hidden_mobile":false,"revert_in_rtl":true,"enable_slider":false,"item_size":"medium","autoplay_slider":false,"autoplay_speed_slider":7,"arrow_slider":false,"arrow_dots":true,"ver_banner_enable":false,"ver_banner_width":3,"ver_banner_pos":"right","ver_banner_no_distance":false,"ver_effect_enable":true,"ver_effect_trans_zoom":true,"ver_effect_trans_slide":true,"ver_effect_trans_border":true,"ver_effect_color":"none"}},"1592124797713":{"type":"rich-banner","blocks":{"1592124839273":{"type":"rich-banner-text","settings":{"item_size":7,"item_size_mobile":12,"item_gutter_top":0,"item_gutter_bottom":0,"item_gutter_left":0,"item_gutter_right":0,"item_gutter_top_mb":0,"item_gutter_bottom_mb":20,"item_gutter_left_mb":0,"item_gutter_right_mb":0,"template":"inside","image":"shopify:\/\/shop_images\/10_c7cb6495-0c78-4d39-8a65-92224027736f.jpg","image_link":"shopify:\/\/collections\/clothing","image_link_new_tab":false,"hide_on_mobile":false,"hide_on_desktop":false,"bkg_banner_enable":false,"bkg_banner":"","text_effect_enable":true,"lcp_is_image":false,"image_alignment":"left","image_align_ver_center":false,"effect_enable":true,"effect_trans_zoom":true,"effect_trans_slide":true,"effect_trans_border":false,"effect_color":"none","image_box_width_mobile":12,"image_box_width_tb":12,"image_box_width":12,"text_box_width_mobile":12,"text_box_width_tb":8,"text_box_width":6,"ver_align_text_box":false,"box_wrap":false,"standard_pos":"center-center","custom_pos":false,"pos_left":0,"pos_top":0,"text_bkg_enable":false,"text_bkg_color":"","text_bkg_opacity":100,"text_bkg_layout":"inside","text_1":"Milancé","hide_on_mobile_text_1":false,"hide_on_desktop_text_1":false,"format_text_1":"text-line","new_tab_text_1":false,"alignment_text_1":"center","color_text_1":"","button_style_text_1":"style1","button_transparent_text_1":false,"button_radius_text_1":0,"button_icon_text_1":"","countdown_color_text_1":"#000000","countdown_bkg_text_1":"#ffffff","countdown_extend_text_1":0,"gutter_top_text_1":0,"gutter_bottom_text_1":0,"gutter_left_text_1":0,"gutter_right_text_1":0,"font_size_text_1":25,"line_height_text_1":27,"font_style_text_1":"normal","font_weight_text_1":"normal","letter_spacing_text_1":0,"extend_style_text_1":false,"gutter_top_mobile_text_1":0,"gutter_bottom_mobile_text_1":0,"gutter_left_mobile_text_1":0,"gutter_right_mobile_text_1":0,"font_size_mobile_text_1":15,"line_height_mobile_text_1":27,"font_style_mobile_text_1":"normal","font_weight_mobile_text_1":"normal","letter_spacing_mobile_text_1":0,"custom_class_text_1":"","text_2":"SALE UP TO 70% OFF ON SELECTED ITEMS*.","hide_on_mobile_text_2":false,"hide_on_desktop_text_2":false,"format_text_2":"text-line","new_tab_text_2":false,"alignment_text_2":"center","color_text_2":"","button_style_text_2":"style1","button_transparent_text_2":false,"button_radius_text_2":0,"button_icon_text_2":"","countdown_color_text_2":"#000000","countdown_bkg_text_2":"#ffffff","countdown_extend_text_2":0,"gutter_top_text_2":20,"gutter_bottom_text_2":0,"gutter_left_text_2":0,"gutter_right_text_2":0,"font_size_text_2":13,"line_height_text_2":13,"font_style_text_2":"normal","font_weight_text_2":"normal","letter_spacing_text_2":0,"extend_style_text_2":false,"gutter_top_mobile_text_2":10,"gutter_bottom_mobile_text_2":0,"gutter_left_mobile_text_2":0,"gutter_right_mobile_text_2":0,"font_size_mobile_text_2":13,"line_height_mobile_text_2":16,"font_style_mobile_text_2":"normal","font_weight_mobile_text_2":"normal","letter_spacing_mobile_text_2":0,"custom_class_text_2":"","text_3":"Limited Time Offer","hide_on_mobile_text_3":false,"hide_on_desktop_text_3":false,"format_text_3":"link","url_text_3":"shopify:\/\/collections\/men-collection","new_tab_text_3":false,"alignment_text_3":"center","color_text_3":"","button_style_text_3":"style1","button_transparent_text_3":false,"button_radius_text_3":0,"button_icon_text_3":"","countdown_color_text_3":"#000000","countdown_bkg_text_3":"#ffffff","countdown_extend_text_3":0,"gutter_top_text_3":0,"gutter_bottom_text_3":0,"gutter_left_text_3":0,"gutter_right_text_3":0,"font_size_text_3":13,"line_height_text_3":27,"font_style_text_3":"normal","font_weight_text_3":"normal","letter_spacing_text_3":0,"extend_style_text_3":false,"gutter_top_mobile_text_3":0,"gutter_bottom_mobile_text_3":0,"gutter_left_mobile_text_3":0,"gutter_right_mobile_text_3":0,"font_size_mobile_text_3":12,"line_height_mobile_text_3":15,"font_style_mobile_text_3":"normal","font_weight_mobile_text_3":"normal","letter_spacing_mobile_text_3":0,"custom_class_text_3":"","text_4":"SHOP THIS BRAND","hide_on_mobile_text_4":false,"hide_on_desktop_text_4":false,"format_text_4":"button","url_text_4":"shopify:\/\/collections\/clothing","new_tab_text_4":false,"alignment_text_4":"center","color_text_4":"","button_style_text_4":"style1","button_transparent_text_4":false,"button_radius_text_4":0,"button_icon_text_4":"","countdown_color_text_4":"#000000","countdown_bkg_text_4":"#ffffff","countdown_extend_text_4":0,"gutter_top_text_4":30,"gutter_bottom_text_4":0,"gutter_left_text_4":0,"gutter_right_text_4":0,"font_size_text_4":14,"line_height_text_4":16,"font_style_text_4":"normal","font_weight_text_4":"normal","letter_spacing_text_4":0,"extend_style_text_4":false,"gutter_top_mobile_text_4":15,"gutter_bottom_mobile_text_4":0,"gutter_left_mobile_text_4":0,"gutter_right_mobile_text_4":0,"font_size_mobile_text_4":15,"line_height_mobile_text_4":27,"font_style_mobile_text_4":"normal","font_weight_mobile_text_4":"normal","letter_spacing_mobile_text_4":0,"custom_class_text_4":""}},"1592124856425":{"type":"rich-banner-product","settings":{"item_size":3,"item_size_mobile":6,"item_gutter_top":0,"item_gutter_bottom":0,"item_gutter_left":53,"item_gutter_right":53,"item_gutter_top_mb":0,"item_gutter_bottom_mb":0,"item_gutter_left_mb":0,"item_gutter_right_mb":10,"product":"marilyn-halter-sunsets","hide_on_mobile":false,"hide_on_desktop":false,"bkg_banner_enable":false,"bkg_banner":"","main_thumbnail":"product_image","image_size":"250x","show_label":true,"show_cart_btn":true,"show_qs_btn":true,"show_compare_btn":true,"show_wishlist_btn":true,"show_review_stars":true,"enable_product_options":true,"show_countdown_timer":true,"show_vendor":false,"product_name_size":5}},"1592124864999":{"type":"rich-banner-product","settings":{"item_size":2,"item_size_mobile":6,"item_gutter_top":0,"item_gutter_bottom":0,"item_gutter_left":0,"item_gutter_right":0,"item_gutter_top_mb":0,"item_gutter_bottom_mb":0,"item_gutter_left_mb":10,"item_gutter_right_mb":0,"product":"vincy-camuto-sunblock","hide_on_mobile":false,"hide_on_desktop":false,"bkg_banner_enable":false,"bkg_banner":"","main_thumbnail":"product_image","image_size":"250x","show_label":true,"show_cart_btn":true,"show_qs_btn":true,"show_compare_btn":true,"show_wishlist_btn":true,"show_review_stars":true,"enable_product_options":true,"show_countdown_timer":true,"show_vendor":false,"product_name_size":5}}},"block_order":["1592124839273","1592124856425","1592124864999"],"settings":{"bkg_enable":false,"section_bkg":"","section_bkg_gutter":"high","section_bkg_style":"cover","top_gutter":true,"bottom_gutter":true,"title":"Banner Left + Product Right","heading":"<span style=\"display:block;width:100%;text-align:left;\">FEATURE BRANDS<\/span>","sub_title":"","full_width":false,"full_wide":false,"hidden_mobile":false,"revert_in_rtl":true,"enable_slider":false,"item_size":"medium","autoplay_slider":false,"autoplay_speed_slider":7,"arrow_slider":false,"arrow_dots":true,"ver_banner_enable":false,"ver_banner_width":3,"ver_banner_pos":"right","ver_banner_no_distance":false,"ver_effect_enable":true,"ver_effect_trans_zoom":true,"ver_effect_trans_slide":true,"ver_effect_trans_border":true,"ver_effect_color":"none"}},"1592125691305":{"type":"product-tabs","blocks":{"1592125701162":{"type":"collection","settings":{"collection":"lingeries","title":"Best seller","layout":"slider","limit":8,"slider_center_focus":false,"slider_rows":1,"slider_nav_type":"arrows","banner_enable":false,"banner_hide_mobile":true,"banner_width":4,"banner_pos":"left","banner_text":"","banner_text_color":"","banner_shop_text":"","banner_shop_text_style":"style1","banner_text_alignment":"center","banner_text_bkg_enable":false,"banner_text_bkg_color":"","banner_text_bkg_opacity":100}},"1592125725927":{"type":"collection","settings":{"collection":"clothing","title":"Featured","layout":"slider","limit":8,"slider_center_focus":false,"slider_rows":1,"slider_nav_type":"arrows","banner_enable":false,"banner_hide_mobile":true,"banner_width":4,"banner_pos":"left","banner_text":"","banner_text_color":"","banner_shop_text":"","banner_shop_text_style":"style1","banner_text_alignment":"center","banner_text_bkg_enable":false,"banner_text_bkg_color":"","banner_text_bkg_opacity":100}},"1592125736993":{"type":"collection","settings":{"collection":"accessories","title":"Trend now","layout":"slider","limit":8,"slider_center_focus":false,"slider_rows":1,"slider_nav_type":"arrows","banner_enable":false,"banner_hide_mobile":true,"banner_width":4,"banner_pos":"left","banner_text":"","banner_text_color":"","banner_shop_text":"","banner_shop_text_style":"style1","banner_text_alignment":"center","banner_text_bkg_enable":false,"banner_text_bkg_color":"","banner_text_bkg_opacity":100}}},"block_order":["1592125701162","1592125725927","1592125736993"],"settings":{"bkg_enable":false,"section_bkg":"","section_bkg_gutter":"high","section_bkg_style":"cover","top_gutter":true,"bottom_gutter":true,"title":"OUR PRODUCTS","sub_title":"","use_lazyload":true,"full_width":false,"use_ajax":true,"item_size":"medium","main_thumbnail":"product_image","thumbnail_border":"#ffffff","show_label":false,"show_cart_btn":true,"show_qs_btn":true,"show_compare_btn":false,"show_wishlist_btn":true,"show_review_stars":true,"enable_product_options":true,"show_countdown_timer":true,"show_vendor":false,"product_name_size":5}},"search-result":{"type":"search-result","blocks":{"f87ab9f7-1d66-405f-98ec-b05f9a7fe782":{"type":"filter-item-price","settings":{"enable":true,"title":"Price","group_tag":"","default_expand":"expand"}},"a95f4f8d-f6ca-4eaf-ad9d-a73977454f23":{"type":"filter-item-swatch","settings":{"enable":true,"title":"Color","default_expand":"expand","auto_filter_option_name":"Color"}},"4d1a6398-c6ae-46bc-aa14-3ed299053a08":{"type":"filter-item-checkbox","settings":{"enable":true,"title":"Size","group_tag":"","default_expand":"expand","auto_filter_option_name":"size"}},"1126c3f1-46ad-4230-b114-d9b206af3a94":{"type":"filter-item-product-type","settings":{"enable":true,"title":"Type","default_expand":"expand"}},"56899c3a-45ce-414f-b894-2fd7062bbf47":{"type":"filter-item-product-brand","settings":{"enable":true,"title":"Brand","default_expand":"expand"}},"418993d8-f2e0-4c67-a53b-f7962ceb45f6":{"type":"filter-item-ratings","settings":{"enable":true,"title":"Average rating","default_expand":"expand","min_rating":3}}},"block_order":["f87ab9f7-1d66-405f-98ec-b05f9a7fe782","a95f4f8d-f6ca-4eaf-ad9d-a73977454f23","4d1a6398-c6ae-46bc-aa14-3ed299053a08","1126c3f1-46ad-4230-b114-d9b206af3a94","56899c3a-45ce-414f-b894-2fd7062bbf47","418993d8-f2e0-4c67-a53b-f7962ceb45f6"],"settings":{"limit":16,"item_size_product":"medium","item_size_article":"list","blog_show_author_search":true,"blog_show_date_search":true,"toolbar_enable":true,"enable_infinity_loading":false,"infinity_action":"scroll","enable_auto_filter":true,"checkboxes_format":"square","item_size":"medium","main_thumbnail":"product_image","show_label":true,"show_cart_btn":true,"show_qs_btn":true,"show_compare_btn":true,"show_wishlist_btn":true,"show_review_stars":true,"use_lazyload":true,"enable_product_options":true,"show_countdown_timer":true,"show_vendor":false,"product_name_size":5}},"navigation-mobile":{"type":"navigation-mobile","settings":{"level1_color":"#1c1c1c","level2_color":"#1c1c1c","level3_color":"#1c1c1c","label_text_color":"#fff","label_bkg_color":"#05ab12","level_3_bkg":"#fff","level1_fs":18,"level2_fs":13,"level3_fs":13,"label_fs":9}}},"content_for_index":["1569286477905","1592122466118","1592122219435","1592125691305","1592123158541","1592124797713","1584004586446","1542710459860"]},"presets":{"Default":{"color_text":"#3d4246","color_body_text":"#788188","color_sale_text":"#7796A8","color_borders":"#e8e9eb","color_button":"#7796A8","color_button_text":"#fff","color_small_button":"#fff","color_small_button_text":"#3d4246","color_text_field":"#fff","color_text_field_text":"#000","color_image_overlay_text":"#fff","color_image_overlay":"#3d4246","image_overlay_opacity":25,"color_body_bg":"#fff","type_header_family":"Google_Work+Sans_600_sans","type_header_base_size":"26px","type_base_family":"Google_Work+Sans_400_sans","type_base_size":"16px","type_bold_product_titles":false,"share_facebook":true,"share_twitter":true,"share_pinterest":true,"sections":{"hero":{"type":"hero","settings":{}},"footer":{"type":"footer","settings":{}}},"content_for_index":["hero"]},"Light":{"color_text":"#162950","color_body_text":"#757575","color_sale_text":"#ff574f","color_borders":"#e4e4e4","color_button":"#ff574f","color_button_text":"#ffffff","color_small_button":"#eaeaea","color_small_button_text":"#162950","color_text_field":"#ffffff","color_text_field_text":"#162950","color_image_overlay_text":"#ffffff","color_image_overlay":"#3d3d3d","image_overlay_opacity":30,"color_body_bg":"#f8f8f8","type_header_family":"Google_Muli_600_sans","type_header_base_size":"26px","type_base_family":"Google_Muli_600_sans","type_base_size":"18px","type_bold_product_titles":true,"share_facebook":true,"share_twitter":true,"share_pinterest":true,"social_twitter_link":"","social_facebook_link":"","social_pinterest_link":"","social_instagram_link":"","social_tumblr_link":"","social_snapchat_link":"","social_youtube_link":"","social_vimeo_link":"","favicon":"","checkout_header_image":"","checkout_logo_image":"","checkout_logo_position":"left","checkout_logo_size":"small","checkout_body_background_image":"","checkout_body_background_color":"#ffffff","checkout_input_background_color_mode":"white","checkout_sidebar_background_image":"","checkout_sidebar_background_color":"#e8f3f6","checkout_heading_font":"Roboto","checkout_body_font":"Source Sans Pro","checkout_accent_color":"#1990c6","checkout_button_color":"#23314e","checkout_error_color":"#ff6d6d","sections":{"hero":{"type":"hero","settings":{}},"footer":{"type":"footer","settings":{}},"product-template":{"type":"product-template","settings":{"show_quantity_selector":false,"show_vendor":false,"enable_zoom":true,"show_share_buttons":true}},"collection-template":{"type":"collection-template","settings":{"show_collection_image":true,"sort_enable":true,"show_vendor":false,"tags_enable":true}},"1492033809691":{"type":"map","settings":{}},"1492033877875":{"type":"quotes","blocks":{"1492033877875-0":{"type":"quote","settings":{}}},"block_order":["1492033877875-0"],"settings":{}},"1492096252560":{"type":"collection-list","blocks":{"1492096252560-0":{"type":"featured_collection","settings":{}},"1492096252560-1":{"type":"featured_collection","settings":{}},"1492096252560-2":{"type":"featured_collection","settings":{}}},"block_order":["1492096252560-0","1492096252560-1","1492096252560-2"],"settings":{"grid":3}},"blog-template":{"type":"blog-template","settings":{"layout":"grid","blog_show_date":false}},"article-template":{"type":"article-template","settings":{"blog_show_author":true,"blog_show_date":true,"show_share_buttons":true}},"cart-template":{"type":"cart-template","settings":{"cart_notes_enable":false}}},"content_for_index":["hero","1492096252560","1492033877875","1492033809691"]}}}