{"current":{"wide_content":true,"disable_copy":true,"lazyload_effect":true,"enable_rtl":false,"rtl_language_codes":"ar","list_collection_meta_title":"Explore our collections","list_collection_meta_description":"Browse our collections to find the products that match your demands","breadcrumbs_bkg_color":"#1c1c1c","breadcrumbs_slogan":"Something different, every day.","breadcrumbs_enble_bkg":true,"breadcrumbs_bkg_image":"","breadcrumbs_text_color":"#000","breadcrumbs_slogan_blog":"Woodstock News","header_style":"style5","show_logo":true,"logo":"shopify:\/\/shop_images\/logo.png","logo_mobile":"","header_text":"FINAL CLEARANCE: Take <a href=\"#\"><u>40% Discount<\/u><\/a> ‘Sale Must-Haves' <a href=\"#\"><u>Click Here<\/u><\/a>","use_sticky":true,"header_wide_display":false,"header_style_mobile":"style1","mobile_nav":"main-menu","header_mobile_logo_size":"master","header_mobile_color_label":"#fff","header_mobile_bkg_label":"#d9121f","header_style1_social_enable":true,"header_style2_social_enable":true,"header_style2_categories":"","header_style3_categories":"","header_style4_social_enable":true,"header_style5_social_enable":true,"header_style6_social_enable":true,"header_style8_social_enable":true,"header_style8_text1":"Fully Stamped Products","header_style8_text2":"100% Satisfaction Guarantee","header_style9_social_enable":true,"enable_language_picker":true,"body_bkg_color":"#ffffff","color_general":"#000000","fs_general":13,"fs_rte_general":13,"fs_rte_h1":36,"fs_rte_h2":30,"fs_rte_h3":24,"fs_rte_h4":18,"fs_rte_h5":14,"fs_rte_h6":12,"color_link":"#1c1c1c","color_general_hover":"#ec0606","color_link_alternative":"#c7020f","color_general_alternative_hover":"#d9121f","color_nav_item_hover":"#d9121f","fs_dropdown_nav_top":12,"fs_dropdown_title":12,"fs_dropdown_content":12,"bkg_nav_item_dropdown":"#fafafa","color_ver_nav_bar":"#fff","color_ver_nav_bar_hover":"#cccccc","bkg_ver_nav_bar":"#353535","bkg_ver_nav":"#fff","border_ver_nav":"#ededed","color_ver_nav_item":"#111","color_ver_nav_item_hover":"#cb9400","color_header1":"#fff","bkg_header1":"#000","bkg_header1_opacity":30,"fs_style1":12,"search_form_color_1":"#000","bkg_header2":"#fff","color_header_link_style2":"#606060","fs_header_link_style2":13,"color_middle_style2":"#000","fs_middle_style2":14,"color_header2":"#444","color_search_header2":"#9c9c9c","color_search_btn_header2":"#989696","fs_header2":14,"color_header3":"#000","bkg_header3":"#fff","bkg_header3_opacity":30,"color_cart_header3":"#fff","bkg_cart_header3":"#161619","fs_icons_header3":18,"fs_text_header3":12,"fs_cart_header3":12,"color_top_header4":"#16809a","color_social_header4":"#42a1b8","bkg_top_header4":"#e4f3f7","fs_top_header4":12,"color_header4":"#000","bkg_header4":"#fff","fs_bottom_header4":12,"color_top_header5":"#fff","bkg_top_header5":"#000","fs_top_header5":12,"color_header5":"#010101","bkg_header5":"#fff","fs_middle_header5":12,"color_top_header6":"#bbb","bkg_top_header6":"#161619","fs_top_header6":12,"color_middle_header6":"#000","fs_middle_header6":13,"fs_icon_header6":21,"color_cart_header6":"#cb9400","bkg_cart_header6":"#000","fs_cart_header6":12,"color_header6":"#000","bkg_header6":"#fff","fs_header6":12,"color_header7":"#000","bkg_header7":"#fff","color_cart_header7":"#fff","bkg_cart_header7":"#000","fs_icons_header7":18,"fs_text_header7":12,"fs_cart_header7":12,"bkg_top_header8":"#fff","color_top_header8":"#292929","fs_top_header8":12,"color_header8":"#222222","bkg_header8":"#fff","color_icons_header8":"#000","fs_middle_header8":13,"bkg_search_area_header8":"#333333","color_search_header8":"#a6a6a6","color_search_btn_header8":"#3f3f3f","bkg_search_header8":"#fff","color_icon_text_header8":"#fff","fs_ver_trigger_header8":15,"fs_search_header8":14,"bkg_header9":"#fff","border_header9":"#dedede","color_top_text_header9":"#888888","color_top_social_header9":"#181818","fs_top_header9":12,"color_header9":"#000","fs_nav_header9":13,"fs_icons_tb_header9":21,"fs_icons_dk_header9":23,"color_header10":"#e5dfd9","bkg_header10":"#000","bkg_header10_opacity":30,"color_cart_header10":"#fff","fs_top_header10":11,"fs_cart_header10":13,"fs_nav_header10":13,"color_header_mobile":"#1c1c1c","bkg_header_mobile":"#fafafa","fs_header_link_mobile":25,"color_st":"#000000","color_st_highline":"#d9121f","fs_st":36,"fs_st_mobile":20,"color_sst":"#555555","fs_sst":14,"fs_sst_mobile":14,"color_item":"#000000","fs_item":13,"color_price":"#000000","fs_price":14,"color_compare_price":"#c8c8c8","fs_compare_price":14,"swatch_border_color":"#ec0606","swatch_size":22,"item_vendor_color":"#000","item_vendor_fs":10,"color_btn_cart":"#fff","bkg_btn_cart":"#1c1c1c","color_btn_cart_hover":"#fff","bkg_btn_cart_hover":"#ec0606","color_btn_s1":"#ffffff","border_btn_s1":"#222222","bkg_btn_s1":"#222222","color_btn_s1_hover":"#222222","border_btn_s1_hover":"#222222","bkg_btn_s1_hover":"#ffffff","color_btn_s2":"#222222","border_btn_s2":"#e1e1e1","bkg_btn_s2":"#ffffff","color_btn_s2_hover":"#ffffff","border_btn_s2_hover":"#222222","bkg_btn_s2_hover":"#222222","color_btn_s3":"#1c1c1c","border_btn_s3":"#000000","bkg_btn_s3":"#ffffff","color_btn_s3_hover":"#ec0606","border_btn_s3_hover":"#000000","bkg_btn_s3_hover":"#ffffff","color_tt":"#888888","color_tt_hover":"#000000","fs_tt_mobile":13,"fs_tt":12,"bkg_sidebar_canvas":"#ffffff","product_single_vendor_color":"#222","product_single_vendor_fs":12,"product_single_color":"#222","product_single_fs_mb":27,"product_single_fs_dk":34,"buy_btn_color":"#fcfcfc","buy_btn_bkg_color":"#515151","buy_btn_border_color":"#515151","buy_btn_color_hover":"#fff","buy_btn_bkg_color_hover":"#242424","buy_btn_border_color_hover":"#6a6a6a","color_countdown":"#000","bkg_countdown":"#e8e8e8","product_page_countdown_fs":16,"color_border_qty":"#c3c3c3","fs_product_price_sale_single":20,"fs_product_price_sale_single_mobile":20,"color_discount_text_single":"#a27f51","tab_item_color_single":"#565656","tab_item_active_color_single":"#160101","fs_tab_item_single":17,"fs_tab_item_single_mobile":14,"color_footer_column_title":"#000000","fs_footer_column_title":14,"color_footer_column_content":"#3b3b3b","color_footer_column_content_hover":"#ec0606","fs_footer_column_content":14,"footer_social_color":"#ffffff","footer_social_fs":14,"footer_news_color":"#8b8b8b","footer_news_bkg":"#303030","border_input":"#d6d6d6","border_input_focus":"#ec0606","blog_color_date_author":"#ffffff","blog_color_article_title":"#ffffff","topbar_stage1_color":"#707ef5","topbar_stage2_color":"#3041d2","topbar_stage3_color":"#dc1d49","topbar_stage4_color":"#c72323","topbar_stage5_color":"#ff0000","slider_btn_color":"#b4b4b4","slider_btn_hover_color":"#7d7d7d","share_facebook":true,"share_twitter":true,"share_pinterest":true,"social_twitter_link":"#","social_facebook_link":"#","social_pinterest_link":"#","social_instagram_link":"","social_tumblr_link":"#","social_snapchat_link":"#","social_youtube_link":"#","social_vimeo_link":"","favicon":"","badge_enable":true,"badge_pos":"down","badge_bkg_color":"#000","badge_text_color":"#fff","enable_quickview":true,"dropdown_options":"","pre_order_enable":true,"enable_wishlist":true,"wishlist_main_thumbnail":"product_image","wishlist_show_label":true,"wishlist_show_cart_btn":true,"wishlist_show_qs_btn":true,"wishlist_show_compare_btn":true,"wishlist_show_review_stars":true,"wishlist_enable_product_options":true,"wishlist_product_name_size":5,"enable_compare":true,"compare_truncate":0,"enable_countdown_all":false,"countdown_expression":"2020\/03\/15 05:30:00","enable_review":true,"review_app":"product_review","yotpo_app_key":"aupvaOhFAFM59YvNhpqplt6RFzxGxuTDYCh9r3Ms","cs_swatch_type":"custom","cs_tag_1":"Black,Sort,Schwarz,Negro,Noir,Nero,黒,Zwart,Preto","cs_code_1":"#000000","cs_custom_1":"","cs_tag_2":"Pink,Lyserød,Rosa,Rose,Rosado,ピンク,Roze","cs_code_2":"#e5176f","cs_custom_2":"","cs_tag_3":"White,Hvid,Weiß,Blanco,Blanc,Bianca,白い,Wit,Branco","cs_code_3":"#ffffff","cs_custom_3":"","cs_tag_4":"brown,Brun,braun,marrón,marron,Marrone,褐色,bruin,castanho","cs_code_4":"#8d6645","cs_custom_4":"","cs_tag_5":"dark-blue,mørkeblå,Dunkelblau,azul-oscuro,bleu-foncé,blu-scuro,濃紺,donkerblauw,azul-escuro","cs_code_5":"#0000a0","cs_custom_5":"","cs_tag_6":"red,vermelho,vermelha,rood,赤,rosso,rossa,rouge,rojo,roja,rot,rød","cs_code_6":"#ff0000","cs_custom_6":"","cs_tag_7":"white-blue,hvid-blå,weiß-Blau,blanco-azul,blanc-bleu,bianco-blu,白青,wit-Blauw,Branco-azul","cs_code_7":"#add8e6","cs_custom_7":"","cs_tag_8":"light-blue,azul-claro,lichtblauw,ライトブルー,azzurro,bleu-clair,azul-claro,hellblau,lyseblå","cs_code_8":"#b3b3ff","cs_custom_8":"","cs_tag_9":"blue,blå,Blau,azul,bleu,blu,青い,blauw","cs_code_9":"#0000ff","cs_custom_9":"","cs_tag_10":"turquoise,turkis,Türkis,turquesa,turchese,ターコイズ,turkoois,turquês,turquesa","cs_code_10":"#40e0d0","cs_custom_10":"","cs_tag_11":"purple,roxo,roxa,Purper,紫の,viola,violet,violette,púrpura,lila,lilla","cs_code_11":"#bf00ff","cs_custom_11":"","cs_tag_12":"blue-white,blå-hvid,Blau-Weiss,azul-blanco,bleu-blanc,blu-bianco,青白,blauw-Wit,Branco-azulado","cs_code_12":"#cce6ff","cs_custom_12":"","cs_tag_13":"red-blue,vermelho-azul,rood-blauw,赤青,rouge-Bleu,Rosso-blu,rojo-azul,rot-blau,rød-blå","cs_code_13":"#cc4f7b","cs_custom_13":"","cs_tag_14":"light-brown,lysebrun,Hellbraun,marrón-claro,brun-clair,Marrone-chiaro,ライト・ブラウン,lichtbruin,marrom-claro","cs_code_14":"#ffddcc","cs_custom_14":"","cs_tag_15":"orange,laranja,oranje,オレンジ,arancia,Orange,naranja","cs_code_15":"#ff9900","cs_custom_15":"","cs_tag_16":"yellow,gul,Gelb,amarillo,Jaune,giallo,黄,geel,amarelo","cs_code_16":"#ffff00","cs_custom_16":"","cs_tag_17":"white-gray,hvidgrå,weiß-grau,gris-blanco,blanc-gris,bianco-grigio,ホワイトグレー,wit-grijs,cinza-branco","cs_code_17":"#d9b38c","cs_custom_17":"","cs_tag_18":"brown-red,vermelho-acastanhado,bruin-rood,marrone-rosso,ブラウンレッド,brun-rouge,rojo-marrón,rotbraun,brun-rød","cs_code_18":"#993333","cs_custom_18":"","cs_tag_19":"dark-red,mørkerød,Dunkelrot,rojo-oscuro,rouge-foncé,rosso-scuro,暗赤色,donkerrood,vermelho-escuro","cs_code_19":"#661a00","cs_custom_19":"","cs_tag_20":"gold,ouro,goud,ゴールド,oro,or,guld","cs_code_20":"#ffd700","cs_custom_20":"","cs_tag_21":"Silver,sølv,Silber,plata,argent,argento,銀,zilver,prata","cs_code_21":"#c0c0c0","cs_custom_21":"","cs_tag_22":"rose-gold,steg-guld,Roségold,oro-rosa,or-rose,ローズゴールド,rose-goud,Rosa-ouro","cs_code_22":"#fcf2bc","cs_custom_22":"","cs_tag_23":"black-silver,prata-negra,zwart-zilver,黒い銀,argento-nero,Noir-argent,plata-negra,schwarzes-Silber,sort-sølv","cs_code_23":"#b8b1b1","cs_custom_23":"","cs_tag_24":"grey,grå,grau,gris,Gris,grigio,グレー,grijs,cinzento","cs_code_24":"#808080","cs_custom_24":"","cs_tag_25":"green,grøn,Grün,verde,vert,verte,verde,緑,groen,verde","cs_code_25":"#008000","cs_custom_25":"","cs_tag_26":"deep-navy,dyb-marine,tiefe-Marine,Marina-de-guerra-profunda,marine-profonde,blu-scuro,ディープネイビー,diepe-marine,marinha-profunda","cs_code_26":"#000080","cs_custom_26":"","cs_tag_27":"silver-grey,sølvgrå,Silber-Grau,Gris-plateado,Gris-Argenté,grigio-argento,シルバーグレイ,zilver-grijs,cinza-prateado","cs_code_27":"#dddee2","cs_custom_27":"","cs_tag_28":"","cs_code_28":"","cs_custom_28":"","cs_tag_29":"","cs_code_29":"","cs_custom_29":"","cs_tag_30":"","cs_code_30":"","cs_custom_30":"","new_active":true,"new_type":"text","new_text":"New","new_color":"#ffffff","new_bkgcolor":"#d9121f","best_active":true,"best_type":"text","best_text":"Best Selling","best_color":"#ffffff","best_bkgcolor":"#d9121f","trend_active":true,"trend_type":"text","trend_text":"Trending","trend_color":"#ffffff","trend_bkgcolor":"#d9121f","sale_active":true,"sale_type":"text","sale_text":"[percent]","sale_color":"#ffffff","sale_bkgcolor":"#d9121f","currency_format":"money_format","show_multiple_currencies":true,"currency_converter_engine":"shopify","enable_currency_auto":true,"supported_currencies":"INR GBP CAD USD AUD EUR JPY VND","default_currency":"USD","add_cart_action":"popup","header_cart_layout_desktop":"sidebar","header_cart_layout_mobile":"sidebar","header_cart_truncate":4,"cart_terms_enable":true,"cart_terms_url":"shopify:\/\/pages\/faq","cart_terms_error_msg":"Please agree with our terms and conditions.","cart_free_shipping_enable":true,"cart_free_shipping_goal":"5000","cart_free_shipping_goal_text":"Congratulations! You've got free shipping.","cart_free_shipping_progress_text":"Only [remain_amount] away from free shipping.","cart_free_bkg":"#b9b9b9","cart_free_bar_color":"#25a71d","cart_free_text_color":"#fff","shipping_calculator":"Enabled","shipping_calculator_heading":"Get shipping estimates","shipping_calculator_default_country":"United States","shipping_calculator_submit_button_label":"Calculate shipping","shipping_calculator_submit_button_label_disabled":"Calculating...","shipping_calculator_error_general_msg":"Error : [messages].","shipping_calculator_error_country_support_msg":"We do not ship to this destination.","upsell_random_enable":false,"upsell_popup_enable":true,"upsell_popup_limit":5,"upsell_product_page_enable":true,"upsell_product_page_limit":5,"upsell_cart_page_enable":true,"upsell_cart_page_limit":5,"main_thumbnail_upsell":"variant_image","show_label_upsell":true,"show_cart_btn_upsell":true,"show_qs_btn_upsell":true,"show_compare_btn_upsell":true,"show_wishlist_btn_upsell":true,"show_review_stars_upsell":true,"enable_product_options_upsell":false,"product_name_size_upsell":5,"cross_sell_product_page":true,"cross_sell_rule":"auto","cross_sell_product_page_display":"widget","cross_sell_limit_product_page":4,"cross_sell_cart_page":true,"cross_sell_limit_cart_page":12,"cross_sell_main_thumbnail":"product_image","cross_sell_show_label":true,"cross_sell_show_cart_btn":true,"cross_sell_show_qs_btn":true,"cross_sell_show_compare_btn":true,"cross_sell_show_wishlist_btn":true,"cross_sell_show_review_stars":true,"cross_sell_enable_product_options":false,"cross_sell_product_name_size":5,"recent_view_enable":true,"recent_view_product_enable":true,"recent_view_product_limit":5,"recent_view_single_main_thumbnail":"product_image","recent_view_single_show_label":true,"recent_view_single_show_cart_btn":true,"recent_view_single_show_qs_btn":true,"recent_view_single_show_compare_btn":true,"recent_view_single_show_wishlist_btn":true,"recent_view_single_show_review_stars":true,"recent_view_single_enable_product_options":true,"recent_view_single_product_name_size":5,"recent_view_collection_enable":true,"recent_view_collection_limit":3,"rp_active":true,"rp_collection":"","rp_limit":10,"rp_image_size":"70x","rp_product_name_size":5,"rp_minute_from":10,"rp_minute_to":30,"rp_interval":5,"rp_closing_interval":5,"rp_hidden_mobile":false,"news_platform":"shopify","news_terms_enable":true,"news_terms_url":"","news_terms_error_msg":"Please agree with our terms and conditions.","news_klaviyo_code":"","news_mailchimp_html":"","news_popup_enable":true,"news_text":"Don’t miss new features","news_bkg_color":"#ffffff","news_img_picker":"shopify:\/\/shop_images\/3_8f5a1140-5189-4c41-9871-3f6cf71cb632.jpg","search_suggest_enable":true,"search_suggest_limit":10,"search_suggest_collection":"all-collections","search_suggest_popup_title":"What are you looking for?","search_suggest_product_title":"Products","search_suggest_article_title":"Articles","search_suggest_page_title":"Pages","search_suggest_main_thumbnail":"product_image","search_suggest_show_label":true,"search_suggest_show_cart_btn":true,"search_suggest_show_qs_btn":true,"search_suggest_show_compare_btn":true,"search_suggest_show_wishlist_btn":true,"search_suggest_show_review_stars":true,"search_suggest_use_lazyload":true,"search_suggest_enable_product_options":true,"search_suggest_product_name_size":5,"promo_enable":true,"promo_wide":false,"promo_text":"Hurry up - OFF 50% only this week","promo_text_url":"","promo_text_target":false,"promo_button_enable":true,"promo_button_text":"Shop now","promo_button_url":"","promo_button_target":false,"promo_text_color":"#fff","promo_use_bkg_color":true,"promo_bkg_color":"#111111","promo_bkg_image":"","promo_fs_mobile":14,"promo_fs_dk":14,"cookie_consent_enable":true,"cookie_consent_content":"We use cookies to give you the best possible service while using our website, please click accept and carry on browsing if you're happy with this. For more information see our Privacy Policy.","cookie_consent_bkg":"#222222","cookie_consent_color":"#ffffff","bkg_404_page":"","type_header_family":"Google_Work+Sans_600_sans","type_header_base_size":"26px","type_base_family":"Google_Work+Sans_400_sans","type_base_size":"16px","type_bold_product_titles":false,"load_custom_css":false,"checkout_header_image":"","checkout_logo_image":"","checkout_logo_position":"left","checkout_logo_size":"medium","checkout_body_background_image":"","checkout_body_background_color":"#fff","checkout_input_background_color_mode":"white","checkout_sidebar_background_image":"","checkout_sidebar_background_color":"#fafafa","checkout_heading_font":"-apple-system, BlinkMacSystemFont, 'Segoe UI', Roboto, Helvetica, Arial, sans-serif, 'Apple Color Emoji', 'Segoe UI Emoji', 'Segoe UI Symbol'","checkout_body_font":"-apple-system, BlinkMacSystemFont, 'Segoe UI', Roboto, Helvetica, Arial, sans-serif, 'Apple Color Emoji', 'Segoe UI Emoji', 'Segoe UI Symbol'","checkout_accent_color":"#197bbd","checkout_button_color":"#197bbd","checkout_error_color":"#e32c2b","font_url":"https:\/\/fonts.googleapis.com\/css2?family=Muli:wght@300;400;600&display=swap","font_general":"'Muli', sans-serif;","font_second":"'Muli', sans-serif;","load_futura_font":false,"production_mode":true,"header_style1_logo_size":"master","header_style2_logo_size":"master","header_style3_logo_size":"master","header_style4_logo_size":"master","header_style5_logo_size":"master","header_style6_logo_size":"master","header_style7_logo_size":"master","header_style8_logo_size":"master","header_style9_logo_size":"master","header_style10_logo_size":"87x","share_image":"","pwa_enable":true,"pwa_name":"BT Beloria","pwa_short_name":"Beloria","pwa_icon":"","pwa_display":"standalone","pwa_background_color":"#fafafa","pwa_theme_color":"#1f1f1f","contact_info_icon_color":"#729ab2","contact_info_icon_color_hover":"#fff","contact_info_label_color":"#000","contact_info_value_color":"#7c7e82","limit_search":9,"item_size_search_product":"medium","item_size_search_article":"list","enable_infinity_loading_search":true,"infinity_action_search":"scroll","main_thumbnail_search":"product_image","show_label_search":true,"show_cart_btn_search":true,"show_qs_btn_search":true,"show_compare_btn_search":true,"show_wishlist_btn_search":true,"show_review_stars_search":true,"use_lazyload_search":true,"enable_product_options_search":true,"product_name_size_search":5,"blog_show_author_search":true,"blog_show_date_search":true,"enale_rtl":false,"fs_search_header2":13,"color_search_header9":"#292929","bkg_search_header9":"#f1f1f1","bkg_item_bottom":"rgba(0,0,0,0)","bkg_footer_enable":true,"bkg_footer":"#ffffff","footer_social_bkg_color":"#000000","enable_product_group_images":true,"group_option_name":"color","item_size_search":"large","image_size_search":"400x","news_klaviyo_key":"","bkg_header6_opacity":30,"header_style8_email":"support@boostheme.com","cross_sell_limit":"10","enable_small_images_search":false,"small_image_size_search":"large","search_suggest_product_title_enable":true,"search_suggest_product_price_enable":true,"tab_bkg_single":"rgba(0,0,0,0)","tab_border_item_single":"#c3c3c3","tab_bkg_active_item_single":"#ededed","product_page_countdown_bkg_enable":true,"product_page_countdown_bkg":"rgba(0,0,0,0)","bg_qty":"#d3d3d3","color_nav_link":"#9f9f9f","breadcrumbs_collection_enable":true,"breadcrumbs_collection_image_1":"","breadcrumbs_collection_1":"","breadcrumbs_collection_image_2":"","breadcrumbs_collection_2":"","breadcrumbs_collection_image_3":"","breadcrumbs_collection_3":"","breadcrumbs_collection_image_4":"","breadcrumbs_collection_4":"","border_btn_cart":"#1c1c1c","border_tab":"#ddd","color_tt_mobile":"#999","color_tt_hover_mobile":"#cb9400","header4_hotline":"1234567890","header4_help_link":"#","header4_tracking_link":"#","header_style6_link1_title":"Home","header_style6_link1_url":"shopify:\/\/collections\/frontpage","header_style6_link2_title":"Contact us","header_style6_link2_url":"shopify:\/\/pages\/contact-us","header_style6_link3_title":"Buy theme","header_style6_link3_url":"shopify:\/\/pages\/contact-us","header_style6_social_facebook":"https:\/\/www.facebook.com\/boostheme\/","header_style6_social_twitter":"https:\/\/twitter.com\/boostheme","header_style6_social_pinterest":"#","header_style6_social_whatsapp":"#","header_style6_support_enable":true,"header_style6_support_title":"Customer support","header_style6_support_hotline":"1-800-123-45-67","header_style6_support_enable_area1":true,"header_style6_support_name_area1":"New York","header_style6_support_hotline_area1":"1-800-123-42-63","header_style6_support_address_area1":"78 2nd House RD Montauk, NY, 11954","header_style6_support_email_area1":"ny@woodstock.com","header_style6_support_enable_area2":true,"header_style6_support_name_area2":"San Francisco","header_style6_support_hotline_area2":"1-800-444-23-54","header_style6_support_address_area2":"1 Infinite Loop Cupertino, CA 95014","header_style6_support_email_area2":"sf@woodstock.com","show_media_btn_upsell":true,"cross_sell_show_media_btn":true,"show_media_btn_search":true,"enable_shopify_ar":true,"cross_sell_small_image_size":"large","bkg_tab_title":"rgba(0,0,0,0)","bkg_tab_title_hover":"#cb9400","line_color_header6":"#fff","search_form_color_6":"#000000","fs_header_link6":21,"header4_contact_link":"#","fs_tracking_link_style4":15,"breadcrumb_bkg_color":"#fafafa","color_cart_number":"#fff","bkg_cart_number":"#d9121f","bkg_product_single":"#d6f3ee","addthis_profile_id":"ra-5b95f20e2137f38f","enable_currency_converter":true,"cart_terms_label":"I agree with the terms and conditions.","enable_small_images_upsell":true,"small_image_size_upsell":"large","news_heading":"Subscribe now!","promo_text_1":"WELCOME TO JOE SHOP!!!","promo_url_1":"shopify:\/\/collections","promo_target_1":true,"promo_text_2":"Support 24\/7. Hotline: 777777777","promo_url_2":"","promo_target_2":false,"promo_text_3":"INTERNATIONAL ORDERS OVER $60","promo_url_3":"","promo_target_3":false,"promo_text_4":"FREE SHIPPING ALL THE WORLD!","promo_url_4":"","promo_target_4":false,"promo_text_5":"BUY NOW","promo_url_5":"shopify:\/\/collections","promo_target_5":true,"cookie_consent_url":"shopify:\/\/blogs\/news","cookie_consent_heading":"Important Cookie Information","show_wishlist_search":true,"product_page_countdown_border":"#f00","show_wishlist_upsell":true,"color_nav_item":"#000","new_text_trans":"","best_text_trans":"","trend_text_trans":"","sale_text_trans":"","color_header":"#222","bkg_header":"#fff","fs_header_link":21,"color_hover":"#d9121f","body_bkg_img":"","color_header_bar":"#000","fs_header_bar":39,"fm_general":"\"Poppins\", sans-serif","checkout_use_storefront_logo":false,"search_type":"product","color_text":"#3d4246","color_body_text":"#788188","color_sale_text":"#7796a8","color_borders":"#e8e9eb","color_button":"#7796a8","color_button_text":"#fff","color_small_button":"#fff","color_small_button_text":"#3d4246","color_text_field":"#fff","color_text_field_text":"#000","color_image_overlay_text":"#fff","color_image_overlay":"#3d4246","image_overlay_opacity":25,"color_body_bg":"#fff","logo_size":"127x","sections":{"footer":{"type":"footer","blocks":{"1581913371961":{"type":"footer-line","settings":{"color":"#363636","hide_line":false,"full_width":true,"gutter_top_dk":0,"gutter_bottom_dk":0,"gutter_top_mb":0,"gutter_bottom_mb":0,"enable_bkg":true,"bkg_color":"#000000"}},"1581913331068":{"type":"text-social","settings":{"title":"","text_align":"center","text_align_mobile":"center","col_width_desktop":12,"col_width_mobile":12,"gutter_top_dk":true,"gutter_bottom_dk":true,"gutter_top_mb":true,"gutter_bottom_mb":true,"logo_size":"master","enable_text":false,"text":"","text_color":"#999999","text_fs":12,"enable_social":true,"show_network_name":true,"enable_rss":false}},"1581913396860":{"type":"footer-line","settings":{"color":"#363636","hide_line":true,"full_width":true,"gutter_top_dk":30,"gutter_bottom_dk":0,"gutter_top_mb":15,"gutter_bottom_mb":0,"enable_bkg":false,"bkg_color":""}},"1532967327727":{"type":"text-social","settings":{"title":"","text_align":"left","text_align_mobile":"left","col_width_desktop":6,"col_width_mobile":12,"gutter_top_dk":false,"gutter_bottom_dk":false,"gutter_top_mb":true,"gutter_bottom_mb":true,"logo":"shopify:\/\/shop_images\/logo.png","logo_size":"master","enable_text":true,"text":"<br><strong>Phone: <\/strong>(+2) 1800 555 2020\n<br><br>\n<strong>Address: <\/strong>A-305, Liverpool Marine, Streat 490\nManchester, XN 9870, Canada","text_color":"#3b3b3b","text_fs":14,"enable_social":false,"show_network_name":false,"enable_rss":false}},"1580979785370":{"type":"text-icon","settings":{"title":"","text_align":"left","text_align_mobile":"left","col_width_desktop":6,"col_width_mobile":12,"gutter_top_dk":false,"gutter_bottom_dk":false,"gutter_top_mb":true,"gutter_bottom_mb":false,"icon_1":"lnr-icons-03","title_1":"Customer Support","subtitle_1":"24\/7 Online Helps","icon_2":"lnr-gift","title_2":"Free & Fast Delivery","subtitle_2":"All Order Over $100","icon_color":"#4e4e4e","text_color":"#3b3b3b"}},"1581911455197":{"type":"footer-line","settings":{"color":"#ededed","hide_line":false,"full_width":true,"gutter_top_dk":30,"gutter_bottom_dk":15,"gutter_top_mb":30,"gutter_bottom_mb":15,"enable_bkg":false,"bkg_color":"#000000"}},"1581479796216":{"type":"text-social","settings":{"title":"","text_align":"center","text_align_mobile":"left","col_width_desktop":12,"col_width_mobile":12,"gutter_top_dk":true,"gutter_bottom_dk":true,"gutter_top_mb":true,"gutter_bottom_mb":true,"logo_size":"master","enable_text":true,"text":"© 2020 Vodoma by Boostheme. All rights reserved.","text_color":"#000000","text_fs":12,"enable_social":false,"show_network_name":false,"enable_rss":false}},"1581479949761":{"type":"footer-line","settings":{"color":"#363636","hide_line":true,"full_width":false,"gutter_top_dk":10,"gutter_bottom_dk":0,"gutter_top_mb":10,"gutter_bottom_mb":0,"enable_bkg":false,"bkg_color":""}}},"block_order":["1581913371961","1581913331068","1581913396860","1532967327727","1580979785370","1581911455197","1581479796216","1581479949761"],"settings":{"bkg_enable":false,"section_bkg":"#000000","copyright":"","footer_link":"","gutter_top":"home","wide_display":false}},"collection-template":{"type":"collection-template","blocks":{"1537615218167":{"type":"filter-item-category","settings":{"enable":true,"title":"Shop by Vodoma","data_source":"collection_tree","category":"","default_expand":"expand"}},"1537613914372":{"type":"filter-item-swatch","settings":{"enable":true,"title":"Filter by Color","default_expand":"expand","auto_filter_option_name":"Color"}},"1566958584624":{"type":"filter-item-price","settings":{"enable":true,"title":"Filter by Price","group_tag":"under $500,$500 - $1000,$1000 - $1500,$1500 - $2000,over $2000","default_expand":"expand"}},"1564641643510":{"type":"filter-item-checkbox","settings":{"enable":true,"title":"Filter by Size","group_tag":"L,M,S, XL,8,10,12,14,16","default_expand":"expand","auto_filter_option_name":""}},"1581496156735":{"type":"filter-item-checkbox","settings":{"enable":true,"title":"Filter by Material","group_tag":"Casual, Boot, Sneakers, Slip on, Crop top, Shirt, Sweater, Bag","default_expand":"expand","auto_filter_option_name":""}}},"block_order":["1537615218167","1537613914372","1566958584624","1564641643510","1581496156735"],"settings":{"limit":12,"show_collection_image":false,"hide_collection_image_mobile":true,"use_one_layout":false,"default_layout":"left_sidebar","toolbar_enable":true,"sort_enable":true,"enable_infinity_loading":false,"infinity_action":"scroll","tags_enable":true,"enable_auto_filter":true,"checkboxes_format":"square","item_size":"medium","main_thumbnail":"product_image","show_label":true,"show_cart_btn":true,"show_qs_btn":true,"show_compare_btn":true,"show_wishlist_btn":true,"show_review_stars":true,"use_lazyload":true,"enable_product_options":true,"show_countdown_timer":true,"show_vendor":false,"product_name_size":5}},"navigation":{"type":"navigation","blocks":{"1532835301865":{"type":"menu_item_parent","settings":{"title":"Parent - Home","name":"Home","link":"\/","drop_width":1200,"icon":"","color_extend":true,"color":"#000000","bkg_color_dropdown_extend":true,"bkg_color_dropdown":"#000000","label":"","color_label":"#d9121f","bkg_label":"#d9121f","parent_custom_class":""}},"1533005963336":{"type":"menu_subitem_link_list","settings":{"title":"--- Col1","name":"20+ demos","align_title":"left","position_title":"top","color_dropdown_title_extend":true,"color_dropdown_title":"#000000","link_list":"home-pages","color_link_list_extend":false,"color_link_list":"#717171","col_width":"3","align_link_list":"left","horizontal_inside_gutter":0,"vertical_inside_gutter":0,"no_gutter_left":false,"no_gutter_right":false,"no_gutter_all":false,"bkg_enable":false,"bkg_color":"#ffffff","bkg_layout":"inside","bkg_position":"right center","bkg_no_repeat":true,"use_external_bkg":false,"external_bkg_url":"","color_label_extend":true,"color_label":"#d9121f","bkg_label":"#d9121f","custom_class":""}},"1594977016813":{"type":"menu_subitem_link_list","settings":{"title":"---Col2","name":"&nbsp;","align_title":"center","position_title":"top","color_dropdown_title_extend":true,"color_dropdown_title":"#000000","link_list":"home-style-2","color_link_list_extend":true,"color_link_list":"#000000","col_width":"3","align_link_list":"left","horizontal_inside_gutter":0,"vertical_inside_gutter":0,"no_gutter_left":false,"no_gutter_right":false,"no_gutter_all":false,"bkg_enable":false,"bkg_color":"","bkg_layout":"inside","bkg_position":"right bottom","bkg_no_repeat":true,"use_external_bkg":false,"external_bkg_url":"","color_label_extend":true,"color_label":"#ffffff","bkg_label":"#d9121f","custom_class":""}},"1594977019140":{"type":"menu_subitem_link_list","settings":{"title":"---Col3","name":"&nbsp;","align_title":"center","position_title":"top","color_dropdown_title_extend":true,"color_dropdown_title":"#000000","link_list":"home-style-3","color_link_list_extend":true,"color_link_list":"#000000","col_width":"3","align_link_list":"left","horizontal_inside_gutter":0,"vertical_inside_gutter":0,"no_gutter_left":false,"no_gutter_right":false,"no_gutter_all":false,"bkg_enable":false,"bkg_color":"","bkg_layout":"inside","bkg_position":"right bottom","bkg_no_repeat":true,"use_external_bkg":false,"external_bkg_url":"","color_label_extend":true,"color_label":"#ffffff","bkg_label":"#d9121f","custom_class":""}},"5a179728-0558-4fd2-b9a4-ecd378ffd484":{"type":"menu_subitem_link_list","settings":{"title":"","name":"&nbsp;","align_title":"center","position_title":"top","color_dropdown_title_extend":true,"color_dropdown_title":"#000000","link_list":"home-style-4","color_link_list_extend":true,"color_link_list":"#000000","col_width":"3","align_link_list":"left","horizontal_inside_gutter":0,"vertical_inside_gutter":0,"no_gutter_left":false,"no_gutter_right":false,"no_gutter_all":false,"bkg_enable":false,"bkg_color":"rgba(0,0,0,0)","bkg_layout":"inside","bkg_position":"right bottom","bkg_no_repeat":true,"use_external_bkg":false,"external_bkg_url":"","color_label_extend":true,"color_label":"#ffffff","bkg_label":"#d9121f","custom_class":""}},"1532917395027":{"type":"menu_item_parent","settings":{"title":"Parent - Shop","name":"Shop","link":"https:\/\/bt-beloria-1.myshopify.com\/collections\/accessories","drop_width":1200,"icon":"","color_extend":true,"color":"#000000","bkg_color_dropdown_extend":true,"bkg_color_dropdown":"#000000","label":"","color_label":"#d9121f","bkg_label":"#d9121f","parent_custom_class":""}},"1532918490517":{"type":"menu_item_parent","settings":{"title":"Parent - Theme Features","name":"Theme Features","link":"https:\/\/bt-beloria-1.myshopify.com\/collections\/accessories","drop_width":800,"icon":"","color_extend":true,"color":"#000000","bkg_color_dropdown_extend":true,"bkg_color_dropdown":"#000000","label":"","color_label":"#d9121f","bkg_label":"#d9121f","parent_custom_class":""}},"1532918945277":{"type":"menu_item_parent","settings":{"title":"Parent - Toolkit App","name":"Toolkit App","link":"https:\/\/boostheme.com\/themes-documentation\/boostheme-toolkit-app","drop_width":400,"icon":"","color_extend":true,"color":"#000000","bkg_color_dropdown_extend":true,"bkg_color_dropdown":"#000000","label":"Free","color_label":"#ffffff","bkg_label":"#d9121f","parent_custom_class":""}},"1533001210297":{"type":"menu_item_parent","settings":{"title":"Parent - For ladies","name":"For ladies","link":"https:\/\/bt-beloria-1.myshopify.com\/collections\/accessories","drop_width":1000,"icon":"","color_extend":true,"color":"#000000","bkg_color_dropdown_extend":true,"bkg_color_dropdown":"#000000","label":"","color_label":"#d9121f","bkg_label":"#d9121f","parent_custom_class":""}},"1564199874571":{"type":"menu_item_parent","settings":{"title":"Parent - Blog","name":"Blog","link":"shopify:\/\/blogs\/news","drop_width":1000,"icon":"","color_extend":true,"color":"#000000","bkg_color_dropdown_extend":true,"bkg_color_dropdown":"#000000","label":"","color_label":"#ffffff","bkg_label":"#d9121f","parent_custom_class":""}},"1568879682391":{"type":"menu_item_parent","settings":{"title":"Parent - Buy now","name":"Buy now","link":"https:\/\/1.envato.market\/Jdrme","drop_width":600,"icon":"","color_extend":false,"color":"#c7020f","bkg_color_dropdown_extend":true,"bkg_color_dropdown":"#000000","label":"","color_label":"#ffffff","bkg_label":"#d9121f","parent_custom_class":""}}},"block_order":["1532835301865","1533005963336","1594977016813","1594977019140","5a179728-0558-4fd2-b9a4-ecd378ffd484","1532917395027","1532918490517","1532918945277","1533001210297","1564199874571","1568879682391"],"settings":{"bkg_color":"","use_link_list":false,"menu_link_list":"","top_item_link_list_color":"#ffffff"}},"product-template":{"type":"product-template","blocks":{"1535525036463":{"type":"tab_item_desc","settings":{"title":"DESCRIPTION"}},"1564640299700":{"type":"tab_item_custom","settings":{"title":"ADDITIONAL INFORMATION","custom_html":"DIAMETER (MM): 40<br>\nMETAL: Yellow Gold"}},"1535525421561":{"type":"tab_item_custom","settings":{"title":"SHIPPING","custom_html":"FREE SHIPPING all over the world <br>\nTIME TO SHIPPING: 5 working days"}},"1566880667376":{"type":"tab_item_custom","settings":{"title":"CUSTOM TABS","custom_html":"Lorem ipsum dolor sit amet, consectetuer adipiscing elit. Aenean commodo ligula eget dolor. Aenean massa. Cum sociis natoque penatibus et magnis dis parturient montes, nascetur ridiculus mus. Donec quam felis, ultricies nec, pellentesque New producteu, pretium quis, sem. Nulla consequat massa quis enim. Donec pede justo, fringilla vel, aliquet nec, vulputate eget, arcu."}}},"block_order":["1535525036463","1564640299700","1535525421561","1566880667376"],"settings":{"show_next_prev_products":true,"show_quantity_selector":true,"show_compare_btn":true,"show_wishlist_btn":true,"show_vendor":true,"show_sku":true,"show_collections":true,"show_tags":true,"show_label":true,"enable_zoom":true,"show_share_buttons":true,"show_media_btn":true,"show_review_stars":true,"show_review_form_outside_tab":true,"enable_payment_button":true,"show_store_pickup":true,"show_shipping_policy_link":false,"general_info":"This is a Demo Online Store. No orders shall be fulfilled. You can buy via <a href=\"#\"><u>amazon.com<\/u><\/a>","show_discount_text":true,"discount_text":"save [percent]","enable_small_images":true,"thumbs_layout":"hoz_slider","use_one_layout":false,"default_layout":"layout2","sold_enable":true,"sold_min":10,"sold_max":50,"sold_hour_min":1,"sold_hour_max":10,"enable_countdown":true,"countdown_text":"Limited time only!","enable_trusted_payment_badge":true,"ls_enable":true,"ls_text1":"Hurry! – Only [quantity] left in stock.","ls_quantity":"random","ls_quantity_min":1,"ls_quantity_max":100,"ls_text2":"Hurry, low quantity!","ls_color_text":"#838389","ls_fs_text":14,"ls_percent":73,"ls_progress_bar_text":"","ls_progress_bar_color_text":"#ffffff","ls_progress_bar_fs_text":12,"ls_progress_bar_bkg_complete":"#fc6167","ls_progress_bar_bkg_remain":"#f5f5f5","ls_progress_bar_height":5,"sc_enable":true,"size_chart_enable":true,"use_size_chart_fallback":true}},"cart-template":{"type":"cart-template","settings":{"cart_notes_enable":true,"cart_hold_enable":true,"cart_hold_hour":0,"cart_hold_minute":15}},"blog-template":{"type":"blog-template","settings":{"use_one_layout":false,"layout":"list","limit":12,"blog_show_date":true,"enable_sidebar":true,"show_recent_posts":true,"recent_post_limit":3,"show_filter_tags":true}},"navigation-vertical":{"type":"navigation-vertical","blocks":{"1561431941530":{"type":"menu_item_parent","settings":{"title":"Parent - Shop","name":"Shop","link":"","drop_width":600,"icon":"home","color_extend":true,"color":"#000","label":"hot","color_label":"#fff","bkg_label":"#d9121f","force_hover":false,"parent_custom_class":""}},"1561431988224":{"type":"menu_subitem_link_list","settings":{"title":"---Linklist","name":"","align_title":"center","position_title":"top","color_dropdown_title_extend":true,"color_dropdown_title":"#000","link_list":"","color_link_list_extend":true,"color_link_list":"#000","col_width":"3","align_link_list":"left","horizontal_inside_gutter":0,"vertical_inside_gutter":0,"no_gutter_left":false,"no_gutter_right":false,"no_gutter_all":false,"bkg_enable":false,"bkg_color":"","bkg_image":"","bkg_layout":"inside","bkg_position":"right bottom","bkg_no_repeat":true,"use_external_bkg":false,"external_bkg_url":"","color_label_extend":true,"color_label":"#fff","bkg_label":"#d9121f","custom_class":""}},"1561432011175":{"type":"menu_item_parent","settings":{"title":"Collections","name":"Collections","link":"","drop_width":600,"icon":"","color_extend":true,"color":"#000","label":"","color_label":"#fff","bkg_label":"#d9121f","force_hover":false,"parent_custom_class":""}},"1561432076265":{"type":"menu_subitem_link_list","settings":{"title":"---Col1","name":"Popular Collection","align_title":"center","position_title":"top","color_dropdown_title_extend":true,"color_dropdown_title":"#000","link_list":"","color_link_list_extend":true,"color_link_list":"#000","col_width":"6","align_link_list":"left","horizontal_inside_gutter":0,"vertical_inside_gutter":0,"no_gutter_left":false,"no_gutter_right":false,"no_gutter_all":false,"bkg_enable":false,"bkg_color":"","bkg_image":"","bkg_layout":"inside","bkg_position":"right bottom","bkg_no_repeat":true,"use_external_bkg":false,"external_bkg_url":"","color_label_extend":true,"color_label":"#fff","bkg_label":"#d9121f","custom_class":""}},"1561432046372":{"type":"menu_subitem_product","settings":{"title":"---Col2","name":"Best seller Product","align_title":"center","position_title":"top","color_dropdown_title_extend":true,"color_dropdown_title":"#000","product":"","item_size":"medium","main_thumbnail":"product_image","image_size":"250x","show_label":true,"show_cart_btn":true,"show_qs_btn":true,"show_compare_btn":true,"show_wishlist_btn":true,"show_review_stars":true,"enable_product_options":true,"show_countdown_timer":true,"show_vendor":false,"product_name_size":5,"col_width":"6","horizontal_inside_gutter":0,"vertical_inside_gutter":0,"no_gutter_left":false,"no_gutter_right":false,"no_gutter_all":false,"bkg_enable":false,"bkg_color":"","bkg_image":"","bkg_layout":"inside","bkg_position":"right bottom","bkg_no_repeat":true,"custom_class":""}},"1561432133330":{"type":"menu_item_parent","settings":{"title":"Parent - Feature Products","name":"Feature Products","link":"shopify:\/\/collections\/all","drop_width":900,"icon":"star","color_extend":true,"color":"#000","label":"","color_label":"#fff","bkg_label":"#d9121f","force_hover":false,"parent_custom_class":""}},"1561432235665":{"type":"menu_subitem_product","settings":{"title":"---Col1","name":"","align_title":"center","position_title":"top","color_dropdown_title_extend":true,"color_dropdown_title":"#000","product":"","item_size":"medium","main_thumbnail":"product_image","image_size":"250x","show_label":true,"show_cart_btn":true,"show_qs_btn":true,"show_compare_btn":true,"show_wishlist_btn":true,"show_review_stars":true,"enable_product_options":true,"show_countdown_timer":true,"show_vendor":false,"product_name_size":5,"col_width":"3","horizontal_inside_gutter":0,"vertical_inside_gutter":0,"no_gutter_left":false,"no_gutter_right":false,"no_gutter_all":false,"bkg_enable":false,"bkg_color":"","bkg_image":"","bkg_layout":"inside","bkg_position":"right bottom","bkg_no_repeat":true,"custom_class":""}},"1561432258649":{"type":"menu_subitem_product","settings":{"title":"---Col2","name":"","align_title":"center","position_title":"top","color_dropdown_title_extend":true,"color_dropdown_title":"#000","product":"","item_size":"medium","main_thumbnail":"product_image","image_size":"250x","show_label":true,"show_cart_btn":true,"show_qs_btn":true,"show_compare_btn":true,"show_wishlist_btn":true,"show_review_stars":true,"enable_product_options":true,"show_countdown_timer":true,"show_vendor":false,"product_name_size":5,"col_width":"3","horizontal_inside_gutter":0,"vertical_inside_gutter":0,"no_gutter_left":false,"no_gutter_right":false,"no_gutter_all":false,"bkg_enable":false,"bkg_color":"","bkg_image":"","bkg_layout":"inside","bkg_position":"right bottom","bkg_no_repeat":true,"custom_class":""}},"1561432272209":{"type":"menu_subitem_product","settings":{"title":"---Col3","name":"","align_title":"center","position_title":"top","color_dropdown_title_extend":true,"color_dropdown_title":"#000","product":"","item_size":"medium","main_thumbnail":"product_image","image_size":"250x","show_label":true,"show_cart_btn":true,"show_qs_btn":true,"show_compare_btn":true,"show_wishlist_btn":true,"show_review_stars":true,"enable_product_options":true,"show_countdown_timer":true,"show_vendor":false,"product_name_size":5,"col_width":"3","horizontal_inside_gutter":0,"vertical_inside_gutter":0,"no_gutter_left":false,"no_gutter_right":false,"no_gutter_all":false,"bkg_enable":false,"bkg_color":"","bkg_image":"","bkg_layout":"inside","bkg_position":"right bottom","bkg_no_repeat":true,"custom_class":""}},"1561432286617":{"type":"menu_subitem_product","settings":{"title":"---Col4","name":"","align_title":"center","position_title":"top","color_dropdown_title_extend":true,"color_dropdown_title":"#000","product":"","item_size":"medium","main_thumbnail":"product_image","image_size":"250x","show_label":true,"show_cart_btn":true,"show_qs_btn":true,"show_compare_btn":true,"show_wishlist_btn":true,"show_review_stars":true,"enable_product_options":true,"show_countdown_timer":true,"show_vendor":false,"product_name_size":5,"col_width":"3","horizontal_inside_gutter":0,"vertical_inside_gutter":0,"no_gutter_left":false,"no_gutter_right":false,"no_gutter_all":false,"bkg_enable":false,"bkg_color":"","bkg_image":"","bkg_layout":"inside","bkg_position":"right bottom","bkg_no_repeat":true,"custom_class":""}}},"block_order":["1561431941530","1561431988224","1561432011175","1561432076265","1561432046372","1561432133330","1561432235665","1561432258649","1561432272209","1561432286617"],"settings":{"bkg_color":"","use_link_list":true,"menu_link_list":"main-menu"}},"1564195806239":{"type":"product-tabs","blocks":{"1564195850095":{"type":"collection","settings":{"collection":"all-collections","title":"BEST SELLER","layout":"grid_infinite_scroll","limit":8,"slider_center_focus":false,"slider_rows":1,"slider_nav_type":"arrows","banner_enable":false,"banner_hide_mobile":true,"banner_width":4,"banner_pos":"left","banner_text":"","banner_text_color":"","banner_shop_text":"","banner_shop_text_style":"style1","banner_text_alignment":"center","banner_text_bkg_enable":false,"banner_text_bkg_color":"","banner_text_bkg_opacity":100}}},"block_order":["1564195850095"],"settings":{"bkg_enable":false,"section_bkg":"","section_bkg_gutter":"high","section_bkg_style":"cover","top_gutter":true,"bottom_gutter":true,"title":"","sub_title":"","use_lazyload":true,"full_width":false,"use_ajax":true,"item_size":"medium","main_thumbnail":"product_image","show_label":true,"show_cart_btn":true,"show_qs_btn":true,"show_compare_btn":true,"show_wishlist_btn":true,"show_review_stars":true,"enable_product_options":false,"show_countdown_timer":false,"show_vendor":false,"product_name_size":5}},"contact":{"type":"contact","blocks":{"1564885332580":{"type":"contact_info","settings":{"title":"New York","phone":"1-800-333-42-63","address":"67 2nd House RD Montauk, NY, 11954","email":"sf@vodoma.com"}},"1564885361350":{"type":"contact_info","settings":{"title":"San Francisco","phone":"1-800-444-23-54","address":"1 Infinite Loop Cupertino, CA 95014","email":"sf@vodoma.com"}}},"block_order":["1564885332580","1564885361350"],"settings":{"bkg_enable":false,"section_bkg":"#ffffff","title":"Contact us","form_title":"Get in touch","show_info":true,"show_map":true,"show_map_before_form":true,"map_address":"80 Spadina Ave, Toronto","api_key":"AIzaSyD3IQEms0glYW-EDAi2WBjrjl0-DffazEc","background_image":"","background_image_position":"center center","opening_enable":true,"opening_name1":"Monday to Friday","opening_time1":"10am to 6pm","opening_name2":"Saturday","opening_time2":"10am to 4pm","opening_name3":"Sunday","opening_time3":"12am t0 4pm","full_width":false}},"about1":{"type":"about1","settings":{"bkg_enable":false,"section_bkg":"","top_gutter":true,"bottom_gutter":true,"image":"","image_size":"6","image_pos":"left","enable_social":true,"twitter":"#","facebook":"#","instagram":"#","pinterest":"#","full_width":false}},"about2":{"type":"about2","blocks":{"1564819991916":{"type":"add_info","settings":{"title":"Our Company","short_desc":"Sed ut perspiciatis unde omnis iste","content":"Architecto beatae vitae dicta sunt explicabo. Nemo enim ipsam voluptatem quia voluptas sit aspernatur aut odit aut fugit, sed quia consequuntur magni dolores eos, totam rem aperiam."}},"1564820014357":{"type":"add_info","settings":{"title":"Our country","short_desc":"Sed ut perspiciatis unde omnis iste","content":"Architecto beatae vitae dicta sunt explicabo. Nemo enim ipsam voluptatem quia voluptas sit aspernatur aut odit aut fugit, sed quia consequuntur magni dolores eos, totam rem aperiam."}},"1564820042862":{"type":"add_info","settings":{"title":"Our team","short_desc":"Sed ut perspiciatis unde omnis iste","content":"Architecto beatae vitae dicta sunt explicabo. Nemo enim ipsam voluptatem quia voluptas sit aspernatur aut odit aut fugit, sed quia consequuntur magni dolores eos, totam rem aperiam."}}},"block_order":["1564819991916","1564820014357","1564820042862"],"settings":{"bkg_enable":false,"section_bkg":"","top_gutter":true,"bottom_gutter":true,"full_width":false}},"about3":{"type":"about3","blocks":{"1564820076549":{"type":"team_member","settings":{"avatar":"","title":"Jonh Do","job":"Social"}},"1564820123897":{"type":"team_member","settings":{"avatar":"","title":"Linda Johnson","job":"CEO"}},"1564820143638":{"type":"team_member","settings":{"avatar":"","title":"Michael Jack","job":"Developer"}},"1564820200695":{"type":"team_member","settings":{"avatar":"","title":"Leonal Pack","job":"Account"}}},"block_order":["1564820076549","1564820123897","1564820143638","1564820200695"],"settings":{"bkg_enable":false,"section_bkg":"","top_gutter":true,"bottom_gutter":true,"team_member_label":"Our team","full_width":false}},"1569286477905":{"type":"rich-banner","blocks":{"1569287463328":{"type":"rich-banner-text","settings":{"item_size":12,"item_size_mobile":12,"item_gutter_top":0,"item_gutter_bottom":0,"item_gutter_left":0,"item_gutter_right":0,"item_gutter_top_mb":0,"item_gutter_bottom_mb":0,"item_gutter_left_mb":0,"item_gutter_right_mb":0,"template":"inside","image":"shopify:\/\/shop_images\/1.jpg","image_link":"shopify:\/\/collections\/all-collections","image_link_new_tab":false,"hide_on_mobile":false,"hide_on_desktop":false,"bkg_banner_enable":false,"bkg_banner":"","text_effect_enable":true,"lcp_is_image":true,"image_alignment":"left","image_align_ver_center":false,"effect_enable":false,"effect_trans_zoom":true,"effect_trans_slide":true,"effect_trans_border":true,"effect_color":"none","image_box_width_mobile":12,"image_box_width_tb":12,"image_box_width":12,"text_box_width_mobile":10,"text_box_width_tb":8,"text_box_width":6,"ver_align_text_box":false,"box_wrap":false,"standard_pos":"center-center","custom_pos":false,"pos_left":0,"pos_top":0,"text_bkg_enable":false,"text_bkg_color":"","text_bkg_opacity":100,"text_bkg_layout":"inside","text_1":"Shipping &amp; Discount","hide_on_mobile_text_1":false,"hide_on_desktop_text_1":false,"format_text_1":"text-line","new_tab_text_1":false,"alignment_text_1":"center","color_text_1":"#000000","button_style_text_1":"style1","button_transparent_text_1":false,"button_radius_text_1":0,"button_icon_text_1":"","countdown_color_text_1":"#000000","countdown_bkg_text_1":"#ffffff","countdown_extend_text_1":0,"gutter_top_text_1":0,"gutter_bottom_text_1":20,"gutter_left_text_1":0,"gutter_right_text_1":0,"font_size_text_1":60,"line_height_text_1":60,"font_style_text_1":"normal","font_weight_text_1":"normal","letter_spacing_text_1":3,"extend_style_text_1":false,"gutter_top_mobile_text_1":0,"gutter_bottom_mobile_text_1":0,"gutter_left_mobile_text_1":0,"gutter_right_mobile_text_1":0,"font_size_mobile_text_1":20,"line_height_mobile_text_1":20,"font_style_mobile_text_1":"normal","font_weight_mobile_text_1":"normal","letter_spacing_mobile_text_1":0,"custom_class_text_1":"secondary-font","text_2":"Lorem Ipsum is simply dummy texting of the printings and typesettinging\npredefined necessary making the generator .","hide_on_mobile_text_2":true,"hide_on_desktop_text_2":false,"format_text_2":"text-line","new_tab_text_2":false,"alignment_text_2":"center","color_text_2":"#333333","button_style_text_2":"style1","button_transparent_text_2":false,"button_radius_text_2":0,"button_icon_text_2":"","countdown_color_text_2":"#000000","countdown_bkg_text_2":"#ffffff","countdown_extend_text_2":0,"gutter_top_text_2":0,"gutter_bottom_text_2":10,"gutter_left_text_2":0,"gutter_right_text_2":0,"font_size_text_2":12,"line_height_text_2":24,"font_style_text_2":"normal","font_weight_text_2":"normal","letter_spacing_text_2":0,"extend_style_text_2":false,"gutter_top_mobile_text_2":0,"gutter_bottom_mobile_text_2":10,"gutter_left_mobile_text_2":20,"gutter_right_mobile_text_2":0,"font_size_mobile_text_2":12,"line_height_mobile_text_2":20,"font_style_mobile_text_2":"normal","font_weight_mobile_text_2":"normal","letter_spacing_mobile_text_2":0,"custom_class_text_2":"","text_3":"GRAB NOW","hide_on_mobile_text_3":false,"hide_on_desktop_text_3":false,"format_text_3":"button","url_text_3":"shopify:\/\/collections\/all-collections","new_tab_text_3":false,"alignment_text_3":"center","color_text_3":"","button_style_text_3":"style2","button_transparent_text_3":false,"button_radius_text_3":0,"button_icon_text_3":"","countdown_color_text_3":"#000000","countdown_bkg_text_3":"#ffffff","countdown_extend_text_3":0,"gutter_top_text_3":20,"gutter_bottom_text_3":0,"gutter_left_text_3":0,"gutter_right_text_3":0,"font_size_text_3":15,"line_height_text_3":25,"font_style_text_3":"normal","font_weight_text_3":"bold","letter_spacing_text_3":0,"extend_style_text_3":false,"gutter_top_mobile_text_3":20,"gutter_bottom_mobile_text_3":0,"gutter_left_mobile_text_3":0,"gutter_right_mobile_text_3":0,"font_size_mobile_text_3":12,"line_height_mobile_text_3":20,"font_style_mobile_text_3":"normal","font_weight_mobile_text_3":"normal","letter_spacing_mobile_text_3":0,"custom_class_text_3":"","text_4":"","hide_on_mobile_text_4":false,"hide_on_desktop_text_4":false,"format_text_4":"text-line","new_tab_text_4":false,"alignment_text_4":"center","color_text_4":"","button_style_text_4":"style1","button_transparent_text_4":false,"button_radius_text_4":0,"button_icon_text_4":"","countdown_color_text_4":"#000000","countdown_bkg_text_4":"#ffffff","countdown_extend_text_4":0,"gutter_top_text_4":0,"gutter_bottom_text_4":0,"gutter_left_text_4":37,"gutter_right_text_4":37,"font_size_text_4":15,"line_height_text_4":27,"font_style_text_4":"normal","font_weight_text_4":"normal","letter_spacing_text_4":0,"extend_style_text_4":true,"gutter_top_mobile_text_4":0,"gutter_bottom_mobile_text_4":0,"gutter_left_mobile_text_4":37,"gutter_right_mobile_text_4":37,"font_size_mobile_text_4":15,"line_height_mobile_text_4":27,"font_style_mobile_text_4":"normal","font_weight_mobile_text_4":"normal","letter_spacing_mobile_text_4":0,"custom_class_text_4":""}},"1569286508862":{"type":"rich-banner-text","settings":{"item_size":12,"item_size_mobile":12,"item_gutter_top":0,"item_gutter_bottom":0,"item_gutter_left":0,"item_gutter_right":0,"item_gutter_top_mb":0,"item_gutter_bottom_mb":0,"item_gutter_left_mb":0,"item_gutter_right_mb":0,"template":"inside","image":"shopify:\/\/shop_images\/2.jpg","image_link":"shopify:\/\/collections\/all-collections","image_link_new_tab":false,"hide_on_mobile":false,"hide_on_desktop":false,"bkg_banner_enable":false,"bkg_banner":"","text_effect_enable":true,"lcp_is_image":false,"image_alignment":"left","image_align_ver_center":false,"effect_enable":false,"effect_trans_zoom":true,"effect_trans_slide":true,"effect_trans_border":true,"effect_color":"none","image_box_width_mobile":12,"image_box_width_tb":12,"image_box_width":12,"text_box_width_mobile":10,"text_box_width_tb":8,"text_box_width":6,"ver_align_text_box":false,"box_wrap":false,"standard_pos":"center-center","custom_pos":false,"pos_left":0,"pos_top":0,"text_bkg_enable":false,"text_bkg_color":"","text_bkg_opacity":100,"text_bkg_layout":"inside","text_1":"Tropical &amp; Printed","hide_on_mobile_text_1":false,"hide_on_desktop_text_1":false,"format_text_1":"text-line","new_tab_text_1":false,"alignment_text_1":"center","color_text_1":"#000000","button_style_text_1":"style1","button_transparent_text_1":false,"button_radius_text_1":0,"button_icon_text_1":"","countdown_color_text_1":"#000000","countdown_bkg_text_1":"#ffffff","countdown_extend_text_1":0,"gutter_top_text_1":0,"gutter_bottom_text_1":20,"gutter_left_text_1":0,"gutter_right_text_1":0,"font_size_text_1":60,"line_height_text_1":60,"font_style_text_1":"normal","font_weight_text_1":"normal","letter_spacing_text_1":3,"extend_style_text_1":false,"gutter_top_mobile_text_1":0,"gutter_bottom_mobile_text_1":0,"gutter_left_mobile_text_1":0,"gutter_right_mobile_text_1":0,"font_size_mobile_text_1":20,"line_height_mobile_text_1":20,"font_style_mobile_text_1":"normal","font_weight_mobile_text_1":"normal","letter_spacing_mobile_text_1":0,"custom_class_text_1":"secondary-font","text_2":"Lorem Ipsum is simply dummy texting of the printings and typesettinging\npredefined necessary making the generator .","hide_on_mobile_text_2":true,"hide_on_desktop_text_2":false,"format_text_2":"text-line","new_tab_text_2":false,"alignment_text_2":"center","color_text_2":"#333333","button_style_text_2":"style1","button_transparent_text_2":false,"button_radius_text_2":0,"button_icon_text_2":"","countdown_color_text_2":"#000000","countdown_bkg_text_2":"#ffffff","countdown_extend_text_2":0,"gutter_top_text_2":0,"gutter_bottom_text_2":10,"gutter_left_text_2":0,"gutter_right_text_2":0,"font_size_text_2":12,"line_height_text_2":24,"font_style_text_2":"normal","font_weight_text_2":"normal","letter_spacing_text_2":0,"extend_style_text_2":false,"gutter_top_mobile_text_2":0,"gutter_bottom_mobile_text_2":10,"gutter_left_mobile_text_2":20,"gutter_right_mobile_text_2":0,"font_size_mobile_text_2":12,"line_height_mobile_text_2":20,"font_style_mobile_text_2":"normal","font_weight_mobile_text_2":"normal","letter_spacing_mobile_text_2":0,"custom_class_text_2":"","text_3":"GRAB NOW","hide_on_mobile_text_3":false,"hide_on_desktop_text_3":false,"format_text_3":"button","url_text_3":"shopify:\/\/collections\/all-collections","new_tab_text_3":false,"alignment_text_3":"center","color_text_3":"","button_style_text_3":"style2","button_transparent_text_3":false,"button_radius_text_3":0,"button_icon_text_3":"","countdown_color_text_3":"#000000","countdown_bkg_text_3":"#ffffff","countdown_extend_text_3":0,"gutter_top_text_3":20,"gutter_bottom_text_3":0,"gutter_left_text_3":0,"gutter_right_text_3":0,"font_size_text_3":15,"line_height_text_3":25,"font_style_text_3":"normal","font_weight_text_3":"bold","letter_spacing_text_3":0,"extend_style_text_3":false,"gutter_top_mobile_text_3":20,"gutter_bottom_mobile_text_3":0,"gutter_left_mobile_text_3":0,"gutter_right_mobile_text_3":0,"font_size_mobile_text_3":12,"line_height_mobile_text_3":20,"font_style_mobile_text_3":"normal","font_weight_mobile_text_3":"normal","letter_spacing_mobile_text_3":0,"custom_class_text_3":"","text_4":"","hide_on_mobile_text_4":false,"hide_on_desktop_text_4":false,"format_text_4":"text-line","new_tab_text_4":false,"alignment_text_4":"center","color_text_4":"","button_style_text_4":"style1","button_transparent_text_4":false,"button_radius_text_4":0,"button_icon_text_4":"","countdown_color_text_4":"#000000","countdown_bkg_text_4":"#ffffff","countdown_extend_text_4":0,"gutter_top_text_4":0,"gutter_bottom_text_4":0,"gutter_left_text_4":37,"gutter_right_text_4":37,"font_size_text_4":15,"line_height_text_4":27,"font_style_text_4":"normal","font_weight_text_4":"normal","letter_spacing_text_4":0,"extend_style_text_4":true,"gutter_top_mobile_text_4":0,"gutter_bottom_mobile_text_4":0,"gutter_left_mobile_text_4":37,"gutter_right_mobile_text_4":37,"font_size_mobile_text_4":15,"line_height_mobile_text_4":27,"font_style_mobile_text_4":"normal","font_weight_mobile_text_4":"normal","letter_spacing_mobile_text_4":0,"custom_class_text_4":""}}},"block_order":["1569287463328","1569286508862"],"settings":{"bkg_enable":false,"section_bkg":"","section_bkg_gutter":"high","section_bkg_style":"cover","top_gutter":false,"bottom_gutter":true,"title":"Slideshow","heading":"","sub_title":"","full_width":false,"full_wide":false,"hidden_mobile":false,"revert_in_rtl":true,"enable_slider":true,"item_size":"full","autoplay_slider":false,"autoplay_speed_slider":7,"arrow_slider":true,"arrow_dots":false,"ver_banner_enable":false,"ver_banner_width":3,"ver_banner_pos":"right","ver_banner_no_distance":false,"ver_effect_enable":true,"ver_effect_trans_zoom":true,"ver_effect_trans_slide":true,"ver_effect_trans_border":true,"ver_effect_color":"none"}},"search-result":{"type":"search-result","settings":{"limit":16,"item_size_product":"medium","item_size_article":"list","blog_show_author_search":true,"blog_show_date_search":true,"toolbar_enable":true,"enable_infinity_loading":false,"infinity_action":"scroll","enable_auto_filter":false,"checkboxes_format":"circle","item_size":"medium","main_thumbnail":"product_image","show_label":true,"show_cart_btn":true,"show_qs_btn":true,"show_compare_btn":true,"show_wishlist_btn":true,"show_review_stars":true,"use_lazyload":true,"enable_product_options":true,"show_countdown_timer":true,"show_vendor":false,"product_name_size":5}},"navigation-mobile":{"type":"navigation-mobile","blocks":{"5e7f8e76-899b-4b33-a11c-28295c119f53":{"type":"mm_parent","settings":{"title":"Parent - Shop","name":"SHOP","title_link":"shopify:\/\/collections","extend_colors":true,"level_1_color":"#000000","color_label":"#ffffff","bkg_label":"#d9121f","custom_class":""}},"353df447-b8be-4192-be69-11ea784386e7":{"type":"mm_sub_link_list","settings":{"title":"--- Best seller Link list","name":"Best seller {{label trend}}","url":"shopify:\/\/collections\/accessories","link_list":"","width":"6","two_columns":false,"extend_colors":false,"level_2_color":"#081d51","level_3_color":"#1c1c1c","color_label":"#ffffff","bkg_label":"#3d59fa","custom_class":""}},"301c4902-9acb-45e4-874e-79d81b845741":{"type":"mm_sub_image","settings":{"title":"--- Image","name":"","image_text":"T'shirt","url":"shopify:\/\/collections\/clothing","width":"6","extend_colors":true,"level_2_color":"#000000","level_3_color":"#000000","level_3_bkg":"#ffffff","color_label":"#ffffff","bkg_label":"#d9121f","custom_class":""}},"46a1f150-6235-4694-a406-e223c11e0ea0":{"type":"mm_parent","settings":{"title":"Parent - Clothing","name":"Clothing","title_link":"shopify:\/\/collections\/clothing","extend_colors":true,"level_1_color":"#000000","color_label":"#ffffff","bkg_label":"#2236a9","custom_class":""}},"2573d9b9-3b5a-4a7a-9828-6ae2123b5468":{"type":"mm_sub_image","settings":{"title":"--- Image","name":"","image_text":"Seri","url":"shopify:\/\/collections\/lingeries","width":"6","extend_colors":true,"level_2_color":"#000000","level_3_color":"#000000","level_3_bkg":"#ffffff","color_label":"#ffffff","bkg_label":"#d9121f","custom_class":""}},"b9766f63-8886-41bb-8f09-7c0420fce649":{"type":"mm_sub_link_list","settings":{"title":"--- Tops Link List","name":"Tops Link {{label -10%}}","url":"shopify:\/\/collections\/handbag","link_list":"","width":"6","two_columns":false,"extend_colors":false,"level_2_color":"#000000","level_3_color":"#000000","color_label":"#ffffff","bkg_label":"#d9121f","custom_class":""}},"791e51e4-56b3-4770-8231-651292fa6961":{"type":"mm_parent","settings":{"title":"Parent - Accessories","name":"Accessories","title_link":"shopify:\/\/collections\/accessories","extend_colors":true,"level_1_color":"#000000","color_label":"#ffffff","bkg_label":"#d9121f","custom_class":""}},"5159c8a5-a3a9-4e7b-ac2c-dc76a91c0624":{"type":"mm_sub_image","settings":{"title":"--- Image1","name":"","image_text":"Hand's","url":"shopify:\/\/collections\/shoes","width":"6","extend_colors":false,"level_2_color":"#000000","level_3_color":"#ffffff","level_3_bkg":"#1c1c1c","color_label":"#ffffff","bkg_label":"#d9121f","custom_class":""}},"b779de31-04a7-456e-8ee7-42af51a1ad74":{"type":"mm_sub_image","settings":{"title":"--- Image2","name":"","image_text":"Machin's","url":"shopify:\/\/collections\/women-collection","width":"6","extend_colors":false,"level_2_color":"#000000","level_3_color":"#ffffff","level_3_bkg":"#000000","color_label":"#ffffff","bkg_label":"#d9121f","custom_class":""}},"2f516383-a33f-4581-b7b6-463cf854f7e2":{"type":"mm_parent","settings":{"title":"Parent - Lookbook","name":"Lookbook","title_link":"shopify:\/\/collections\/clothing","extend_colors":true,"level_1_color":"#000000","color_label":"#ffffff","bkg_label":"#d9121f","custom_class":""}},"8a5021e5-5725-49e7-adb3-0acafac722f4":{"type":"mm_sub_image","settings":{"title":"--- Handbag","name":"Handbag","image_text":"Beloria's Handbag","url":"shopify:\/\/collections\/handbag","width":"12","extend_colors":true,"level_2_color":"#000000","level_3_color":"#000000","level_3_bkg":"#ffffff","color_label":"#ffffff","bkg_label":"#d9121f","custom_class":""}},"f133bfe3-5bd1-43b4-8231-294f016d9e9a":{"type":"mm_sub_image","settings":{"title":"--- Accessories","name":"Accessories","image_text":"Accessories's","url":"shopify:\/\/collections\/accessories","width":"12","extend_colors":true,"level_2_color":"#000000","level_3_color":"#000000","level_3_bkg":"#ffffff","color_label":"#ffffff","bkg_label":"#d9121f","custom_class":""}},"015a4157-eced-4eff-8f73-3f8eb982c0f9":{"type":"mm_sub_image","settings":{"title":"--- Outerwear","name":"Outerwear","image_text":"Outerwear's","url":"shopify:\/\/collections\/outerwear","width":"12","extend_colors":true,"level_2_color":"#000000","level_3_color":"#000000","level_3_bkg":"#ffffff","color_label":"#ffffff","bkg_label":"#d9121f","custom_class":""}},"cc97e69c-463c-401d-ae51-88232f5721ad":{"type":"mm_sub_image","settings":{"title":"--- New & Now","name":"New & Now","image_text":"NewNow's","url":"shopify:\/\/collections\/lingeries-demo","width":"12","extend_colors":true,"level_2_color":"#000000","level_3_color":"#000000","level_3_bkg":"#ffffff","color_label":"#ffffff","bkg_label":"#d9121f","custom_class":""}},"67fe3224-aa53-4450-90b7-c3796d94b379":{"type":"mm_parent","settings":{"title":"Parent - Trend Now","name":"Trend Now","title_link":"shopify:\/\/collections\/clothing","extend_colors":true,"level_1_color":"#000000","color_label":"#ffffff","bkg_label":"#d9121f","custom_class":""}},"90a0cf6f-24f7-4f5c-a5b8-467b4d63358c":{"type":"mm_sub_link_list","settings":{"title":"--- New & Now","name":"New & Now","url":"shopify:\/\/collections","link_list":"","width":"12","two_columns":true,"extend_colors":true,"level_2_color":"#000000","level_3_color":"#000000","color_label":"#ffffff","bkg_label":"#d9121f","custom_class":""}},"0ca43f51-020c-4b5c-b0a1-ea2d789140be":{"type":"mm_top_items","settings":{"title":"","link_list":"main-menu","children_style":"style2","two_columns":true,"extend_colors":true,"level_1_color":"#000000","level_2_color":"#000000","level_3_color":"#000000","color_label":"#ffffff","bkg_label":"#d9121f"}},"4de20cb7-4956-42c7-a163-54bdc8c51300":{"type":"mm_parent","settings":{"title":"Parent - Sale","name":"Sale","title_link":"shopify:\/\/collections\/shirts","extend_colors":true,"level_1_color":"#000000","color_label":"#ffffff","bkg_label":"#3d59fa","custom_class":""}},"1e774c87-98af-420e-9a69-8ba873819588":{"type":"mm_sub_link_list","settings":{"title":"--- Shirts","name":"Shirts","url":"shopify:\/\/collections\/shirts","link_list":"","width":"6","two_columns":false,"extend_colors":true,"level_2_color":"#000000","level_3_color":"#000000","color_label":"#ffffff","bkg_label":"#d9121f","custom_class":""}},"ba678eb5-0033-470c-9446-f254e6f796c0":{"type":"mm_sub_link_list","settings":{"title":"--- Outerwear","name":"Outerwear","url":"shopify:\/\/collections\/outerwear","link_list":"","width":"6","two_columns":false,"extend_colors":true,"level_2_color":"#000000","level_3_color":"#000000","color_label":"#ffffff","bkg_label":"#d9121f","custom_class":""}},"12fac98b-07c8-45ef-9204-e4ce804a8953":{"type":"mm_sub_link_list","settings":{"title":"--- Lingeries","name":"Lingeries","url":"shopify:\/\/collections\/lingeries","link_list":"","width":"6","two_columns":false,"extend_colors":true,"level_2_color":"#000000","level_3_color":"#000000","color_label":"#ffffff","bkg_label":"#d9121f","custom_class":""}},"7f11bcac-f1c7-42c2-8547-27c6e1d46b5d":{"type":"mm_sub_link_list","settings":{"title":"--- Handbag","name":"Handbag","url":"shopify:\/\/collections\/handbag","link_list":"","width":"6","two_columns":false,"extend_colors":true,"level_2_color":"#000000","level_3_color":"#000000","color_label":"#ffffff","bkg_label":"#d9121f","custom_class":""}},"5bedfc96-8869-4cf8-b54d-8595914bd0a3":{"type":"mm_sub_link_list","settings":{"title":"--- Clothing","name":"Clothing","url":"shopify:\/\/collections\/clothing","link_list":"","width":"6","two_columns":false,"extend_colors":true,"level_2_color":"#000000","level_3_color":"#000000","color_label":"#ffffff","bkg_label":"#d9121f","custom_class":""}},"b32dc2e9-56b9-483f-b297-3edba4c53e20":{"type":"mm_sub_link_list","settings":{"title":"--- Shirts","name":"Shirts","url":"shopify:\/\/collections\/shirts","link_list":"","width":"6","two_columns":false,"extend_colors":true,"level_2_color":"#000000","level_3_color":"#000000","color_label":"#ffffff","bkg_label":"#d9121f","custom_class":""}}},"block_order":["5e7f8e76-899b-4b33-a11c-28295c119f53","353df447-b8be-4192-be69-11ea784386e7","301c4902-9acb-45e4-874e-79d81b845741","46a1f150-6235-4694-a406-e223c11e0ea0","2573d9b9-3b5a-4a7a-9828-6ae2123b5468","b9766f63-8886-41bb-8f09-7c0420fce649","791e51e4-56b3-4770-8231-651292fa6961","5159c8a5-a3a9-4e7b-ac2c-dc76a91c0624","b779de31-04a7-456e-8ee7-42af51a1ad74","2f516383-a33f-4581-b7b6-463cf854f7e2","8a5021e5-5725-49e7-adb3-0acafac722f4","f133bfe3-5bd1-43b4-8231-294f016d9e9a","015a4157-eced-4eff-8f73-3f8eb982c0f9","cc97e69c-463c-401d-ae51-88232f5721ad","67fe3224-aa53-4450-90b7-c3796d94b379","90a0cf6f-24f7-4f5c-a5b8-467b4d63358c","0ca43f51-020c-4b5c-b0a1-ea2d789140be","4de20cb7-4956-42c7-a163-54bdc8c51300","1e774c87-98af-420e-9a69-8ba873819588","ba678eb5-0033-470c-9446-f254e6f796c0","12fac98b-07c8-45ef-9204-e4ce804a8953","7f11bcac-f1c7-42c2-8547-27c6e1d46b5d","5bedfc96-8869-4cf8-b54d-8595914bd0a3","b32dc2e9-56b9-483f-b297-3edba4c53e20"],"settings":{"level1_color":"#1c1c1c","level2_color":"#1c1c1c","level3_color":"#1c1c1c","label_text_color":"#ffffff","label_bkg_color":"#05ab12","level_3_bkg":"#ffffff","level1_fs":18,"level2_fs":13,"level3_fs":13,"label_fs":9}}},"content_for_index":["1569286477905","1564195806239"]},"presets":{"Default":{"color_text":"#3d4246","color_body_text":"#788188","color_sale_text":"#7796A8","color_borders":"#e8e9eb","color_button":"#7796A8","color_button_text":"#fff","color_small_button":"#fff","color_small_button_text":"#3d4246","color_text_field":"#fff","color_text_field_text":"#000","color_image_overlay_text":"#fff","color_image_overlay":"#3d4246","image_overlay_opacity":25,"color_body_bg":"#fff","type_header_family":"Google_Work+Sans_600_sans","type_header_base_size":"26px","type_base_family":"Google_Work+Sans_400_sans","type_base_size":"16px","type_bold_product_titles":false,"share_facebook":true,"share_twitter":true,"share_pinterest":true,"sections":{"hero":{"type":"hero","settings":{}},"footer":{"type":"footer","settings":{}}},"content_for_index":["hero"]},"Light":{"color_text":"#162950","color_body_text":"#757575","color_sale_text":"#ff574f","color_borders":"#e4e4e4","color_button":"#ff574f","color_button_text":"#ffffff","color_small_button":"#eaeaea","color_small_button_text":"#162950","color_text_field":"#ffffff","color_text_field_text":"#162950","color_image_overlay_text":"#ffffff","color_image_overlay":"#3d3d3d","image_overlay_opacity":30,"color_body_bg":"#f8f8f8","type_header_family":"Google_Muli_600_sans","type_header_base_size":"26px","type_base_family":"Google_Muli_600_sans","type_base_size":"18px","type_bold_product_titles":true,"share_facebook":true,"share_twitter":true,"share_pinterest":true,"social_twitter_link":"","social_facebook_link":"","social_pinterest_link":"","social_instagram_link":"","social_tumblr_link":"","social_snapchat_link":"","social_youtube_link":"","social_vimeo_link":"","favicon":"","checkout_header_image":"","checkout_logo_image":"","checkout_logo_position":"left","checkout_logo_size":"small","checkout_body_background_image":"","checkout_body_background_color":"#ffffff","checkout_input_background_color_mode":"white","checkout_sidebar_background_image":"","checkout_sidebar_background_color":"#e8f3f6","checkout_heading_font":"Roboto","checkout_body_font":"Source Sans Pro","checkout_accent_color":"#1990c6","checkout_button_color":"#23314e","checkout_error_color":"#ff6d6d","sections":{"hero":{"type":"hero","settings":{}},"footer":{"type":"footer","settings":{}},"product-template":{"type":"product-template","settings":{"show_quantity_selector":false,"show_vendor":false,"enable_zoom":true,"show_share_buttons":true}},"collection-template":{"type":"collection-template","settings":{"show_collection_image":true,"sort_enable":true,"show_vendor":false,"tags_enable":true}},"1492033809691":{"type":"map","settings":{}},"1492033877875":{"type":"quotes","blocks":{"1492033877875-0":{"type":"quote","settings":{}}},"block_order":["1492033877875-0"],"settings":{}},"1492096252560":{"type":"collection-list","blocks":{"1492096252560-0":{"type":"featured_collection","settings":{}},"1492096252560-1":{"type":"featured_collection","settings":{}},"1492096252560-2":{"type":"featured_collection","settings":{}}},"block_order":["1492096252560-0","1492096252560-1","1492096252560-2"],"settings":{"grid":3}},"blog-template":{"type":"blog-template","settings":{"layout":"grid","blog_show_date":false}},"article-template":{"type":"article-template","settings":{"blog_show_author":true,"blog_show_date":true,"show_share_buttons":true}},"cart-template":{"type":"cart-template","settings":{"cart_notes_enable":false}}},"content_for_index":["hero","1492096252560","1492033877875","1492033809691"]}}}